"snpid"	"CHR"	"POS"	"MA"	"CA"	"MAF"	"stat"	"pvalue"	"SE"	"stat_type"	"GWAS_PT"
"rs2336219"	"chr19"	45912406	"A"	"G"	0.165085388994307	1.08050916693995	0.0182893159563264	0.0328143885182557	"OR"	"M3_E2"
"rs3212986"	"chr19"	45912736	"A"	"C"	0.257604562737643	0.964032936376788	0.182528664869203	0.0274790365705814	"OR"	"M3_E2"
"rs3212964"	"chr19"	45920796	"A"	"G"	0.16	1.05083612726324	0.134276877185177	0.0331137896936608	"OR"	"M3_E2"
"rs11615"	"chr19"	45923653	"G"	"A"	0.43168880455408	1.00855433087319	0.711957584928699	0.0230696037572662	"OR"	"M3_E2"
"rs11882642"	"chr19"	45933493	"G"	"A"	0.425047438330171	1.01006060675804	0.666340437169025	0.0232163590433036	"OR"	"M3_E2"
"rs12611268"	"chr19"	45949900	"A"	"G"	0.192599620493359	1.00253118708404	0.933025370174486	0.0300811170093092	"OR"	"M3_E2"
"rs10415949"	"chr19"	45962799	"G"	"A"	0.266603415559772	0.986314650943411	0.597940149305928	0.026129638652407	"OR"	"M3_E2"
"rs3760846"	"chr19"	45968607	"G"	"A"	0.094106463878327	0.953295869012664	0.249814367279632	0.0415623452699582	"OR"	"M3_E2"
"rs2238686"	"chr19"	45973056	"G"	"A"	0.139468690702087	0.954963382848434	0.17244326967337	0.0337748823609061	"OR"	"M3_E2"
"rs2276470"	"chr19"	45974668	"A"	"G"	0.476280834914611	0.971836594244224	0.214661232330487	0.0230226100476126	"OR"	"M3_E2"
"rs7250901"	"chr19"	45986890	"A"	"G"	0.432637571157495	1.00313109375346	0.89435238117732	0.0235408636909542	"OR"	"M3_E2"
"rs2298887"	"chr19"	45998346	"A"	"C"	0.15180265654649	1.01618511028164	0.636889692105367	0.0340122034219785	"OR"	"M3_E2"
"rs12609834"	"chr19"	46019140	"A"	"G"	0.128083491461101	0.964560940664445	0.314841114912364	0.0358986164474283	"OR"	"M3_E2"
"rs8099878"	"chr19"	46019601	"C"	"A"	0.409867172675522	1.00806198748166	0.754130291014322	0.0256376639416112	"OR"	"M3_E2"
"rs2301283"	"chr19"	46024584	"C"	"A"	0.038899430740038	1.01999749523173	0.737723829724054	0.0591280934430801	"OR"	"M3_E2"
"rs10995"	"chr19"	46030154	"G"	"A"	0.239089184060721	1.00298729620862	0.917748756487234	0.028883951910454	"OR"	"M3_E2"
"rs16979873"	"chr19"	46034511	"G"	"A"	0.181214421252372	0.979148999401531	0.506214302661796	0.0316986017669112	"OR"	"M3_E2"
"rs8111589"	"chr19"	46034558	"G"	"A"	0.434535104364326	0.984052045974197	0.504539210093711	0.0240895138011144	"OR"	"M3_E2"
"rs17286686"	"chr19"	46035966	"G"	"A"	0.131878557874763	0.953875280228894	0.184323627573366	0.0355707935280618	"OR"	"M3_E2"
"rs4803831"	"chr19"	46038553	"A"	"C"	0.0483870967741935	1.0564636907707	0.310871569340478	0.0542011701815737	"OR"	"M3_E2"
"rs3826861"	"chr19"	46056620	"G"	"A"	0.383587786259542	1.01259827130782	0.602104731993612	0.024012552773659	"OR"	"M3_E2"
"rs11083752"	"chr19"	45454363	"A"	"G"	0.538799525616698	0.970050249463146	0.1970428649302	0.0235712218459816	"OR"	"M3_E2"
"rs75922585"	"chr19"	45454450	"G"	"A"	0.00381375711574952	1.37321606499116	0.172384182400581	0.232419357982198	"OR"	"M3_E2"
"rs7248162"	"chr19"	45454686	"C"	"T"	0.538799525616698	0.970050249463146	0.1970428649302	0.0235712218459816	"OR"	"M3_E2"
"rs77862802"	"chr19"	45454753	"G"	"A"	0.00793633776091081	1.16981917178309	0.475413716939695	0.219769569715382	"OR"	"M3_E2"
"rs7247227"	"chr19"	45454759	"G"	"A"	0.543305882352941	0.974243237164828	0.271529471620238	0.0237318389897862	"OR"	"M3_E2"
"rs7247551"	"chr19"	45454766	"A"	"G"	0.482016034155598	0.970076830080056	0.200361194994866	0.0237246811605382	"OR"	"M3_E2"
"rs892101"	"chr19"	45455458	"A"	"G"	0.541572011385199	0.972893060545131	0.243633242758769	0.023569644554361	"OR"	"M3_E2"
"rs7251501"	"chr19"	45455706	"T"	"C"	0.5411444971537	0.971276279667541	0.218662978670744	0.0236928136626842	"OR"	"M3_E2"
"rs7251503"	"chr19"	45455715	"G"	"C"	0.541151992409867	0.971271963192271	0.218599537983471	0.0236931626691463	"OR"	"M3_E2"
"rs12460346"	"chr19"	45455901	"G"	"C"	0.552788045540797	0.970154367583604	0.211180700681875	0.0242337539665991	"OR"	"M3_E2"
"rs12460347"	"chr19"	45455905	"C"	"T"	0.422403889943074	1.03213494651825	0.213045917853738	0.0254003925135616	"OR"	"M3_E2"
"rs7254723"	"chr19"	45455921	"G"	"A"	0.560098766603416	0.969305910012917	0.206685539530227	0.0246885501824773	"OR"	"M3_E2"
"rs12460352"	"chr19"	45455966	"T"	"C"	0.541153225806452	0.971280133252518	0.218535688326873	0.0236830416390486	"OR"	"M3_E2"
"rs4803777"	"chr19"	45456101	"A"	"G"	0.54329174573055	0.974278987878713	0.269569901512028	0.0236017363030631	"OR"	"M3_E2"
"rs4803778"	"chr19"	45456246	"C"	"T"	0.539141461100569	0.97000734837958	0.195939873543607	0.0235473972742759	"OR"	"M3_E2"
"rs4803779"	"chr19"	45456497	"C"	"T"	0.539165464895636	0.970008339653217	0.19593892438242	0.023546557067508	"OR"	"M3_E2"
"rs4803780"	"chr19"	45456628	"T"	"C"	0.540993358633776	0.971255414527522	0.217999988887887	0.0236761596284655	"OR"	"M3_E2"
"rs12983572"	"chr19"	45456832	"G"	"C"	0.0168299810246679	0.983293373054988	0.875898049804747	0.107880024989212	"OR"	"M3_E2"
"rs3760625"	"chr19"	45456941	"A"	"G"	0.539152561669829	0.970002739655581	0.195841417469011	0.02354588586689	"OR"	"M3_E2"
"rs3760626"	"chr19"	45457105	"G"	"A"	0.540981499051233	0.971262642511268	0.21810168007586	0.0236753487326254	"OR"	"M3_E2"
"rs3760628"	"chr19"	45457225	"A"	"G"	0.539154364326376	0.970009513057443	0.195947991719215	0.0235460991149305	"OR"	"M3_E2"
"rs2239375"	"chr19"	45459851	"C"	"T"	0.538186242884251	0.967825995956773	0.165804066787971	0.0235983991769676	"OR"	"M3_E2"
"rs77659021"	"chr19"	45460254	"G"	"A"	0.0248725806451613	1.15422367011134	0.225829355854918	0.118420776706972	"OR"	"M3_E2"
"rs204905"	"chr19"	45460764	"A"	"G"	0.480540227703985	0.967606974894276	0.16636768899871	0.0237933593655633	"OR"	"M3_E2"
"rs75178253"	"chr19"	45461007	"A"	"G"	0.0588148007590133	1.06587708824933	0.466943546594351	0.0876995603789232	"OR"	"M3_E2"
"rs1882752"	"chr19"	45461342	"G"	"C"	0.280456546489564	0.991487566883613	0.754044035614383	0.027285533992572	"OR"	"M3_E2"
"rs204906"	"chr19"	45461980	"C"	"T"	0.0283566413662239	0.956556549444735	0.610292310527445	0.0871477017605916	"OR"	"M3_E2"
"rs204907"	"chr19"	45461996	"A"	"G"	0.0645150853889943	0.994207159231106	0.907617571432982	0.0500644419414188	"OR"	"M3_E2"
"rs61062133"	"chr19"	45463256	"C"	"G"	0.037353605313093	1.07017161962771	0.31598753109063	0.0676338799909832	"OR"	"M3_E2"
"rs204910"	"chr19"	45463385	"C"	"T"	0.026776375711575	0.95782493810216	0.620316798889367	0.0869804840975463	"OR"	"M3_E2"
"rs204911"	"chr19"	45463540	"T"	"A"	0.0305574003795066	0.979774622287115	0.811567653894704	0.0857061908015481	"OR"	"M3_E2"
"rs8100120"	"chr19"	45466058	"C"	"T"	0.54175825426945	0.967925223981151	0.170826043437399	0.023803685875532	"OR"	"M3_E2"
"rs8100236"	"chr19"	45466144	"C"	"T"	0.540790607210626	0.971051888600954	0.214460430499064	0.0236632256677328	"OR"	"M3_E2"
"rs204912"	"chr19"	45466207	"G"	"A"	0.0578659392789374	1.00121409049652	0.980524835126391	0.0497053738333933	"OR"	"M3_E2"
"rs204913"	"chr19"	45466238	"C"	"T"	0.0565535104364326	0.997027903615306	0.952208698880538	0.0496638454420515	"OR"	"M3_E2"
"rs111378568"	"chr19"	45466242	"A"	"G"	0.00918738140417457	1.07828081458224	0.740849991546953	0.227884989666503	"OR"	"M3_E2"
"rs111997200"	"chr19"	45466325	"C"	"T"	0.542623529411765	0.968300953458451	0.176946841362909	0.0238571811181361	"OR"	"M3_E2"
"rs204914"	"chr19"	45466335	"C"	"T"	0.0432817836812144	1.00761695278855	0.905921549108842	0.0642055142274073	"OR"	"M3_E2"
"rs112704499"	"chr19"	45467698	"G"	"A"	0.275563187855787	0.989567967338112	0.705089726693128	0.0277092914766641	"OR"	"M3_E2"
"rs10416261"	"chr19"	45468645	"C"	"T"	0.400177514231499	1.02416534720912	0.319806636836455	0.0240014653589603	"OR"	"M3_E2"
"rs114601604"	"chr19"	45469357	"A"	"C"	0.00329525616698292	1.56223706743532	0.0596699684386843	0.236890951459996	"OR"	"M3_E2"
"rs4803782"	"chr19"	45469579	"A"	"G"	0.0205273244781784	0.940790701773229	0.567311197194104	0.106700852745391	"OR"	"M3_E2"
"rs7259913"	"chr19"	45979944	"T"	"A"	0.143799240986717	0.979362217186974	0.553770696123904	0.0352187769635696	"OR"	"M3_E2"
"rs28381261"	"chr19"	45979984	"G"	"A"	0.0637907969639469	0.956335772312185	0.354749665828917	0.0482444773097961	"OR"	"M3_E2"
"rs7259280"	"chr19"	45980255	"A"	"C"	0.142665844402277	0.978647450747699	0.54153514246299	0.0353547143268586	"OR"	"M3_E2"
"rs116999393"	"chr19"	45980576	"G"	"T"	0.0728318785578748	1.11821160680594	0.0162446089746644	0.0464890926149178	"OR"	"M3_E2"
"rs12608680"	"chr19"	45981037	"A"	"G"	0.491562333965844	1.00236576499493	0.918774122918075	0.0231713757218674	"OR"	"M3_E2"
"rs12608704"	"chr19"	45981102	"C"	"G"	0.0899099620493359	0.943960198087463	0.182568678788435	0.0432679206947628	"OR"	"M3_E2"
"rs12608705"	"chr19"	45981105	"C"	"T"	0.0899102466793169	0.943959917456414	0.182565148227016	0.0432677945495588	"OR"	"M3_E2"
"rs8103655"	"chr19"	45981455	"T"	"C"	0.45773614800759	1.01518118807437	0.532938090153615	0.024164311321186	"OR"	"M3_E2"
"rs62109594"	"chr19"	45981662	"C"	"T"	0.0128794117647059	0.986465271663799	0.912785781568623	0.12442007509606	"OR"	"M3_E2"
"rs6509214"	"chr19"	45981815	"G"	"T"	0.345548481973435	0.968818412866866	0.217957589157592	0.0257132033343826	"OR"	"M3_E2"
"rs7245548"	"chr19"	45981840	"C"	"T"	0.438525237191651	1.00723710010499	0.759972269320453	0.0236027231119282	"OR"	"M3_E2"
"rs7259949"	"chr19"	45981957	"A"	"C"	0.213722011385199	0.962293601668955	0.248167613096232	0.0332830721995801	"OR"	"M3_E2"
"rs12972892"	"chr19"	45982373	"T"	"G"	0.0908695445920304	0.942817714099578	0.171730775483526	0.043084720870751	"OR"	"M3_E2"
"rs28367112"	"chr19"	45982440	"G"	"C"	0.204648861480076	1.04022337251672	0.190766822265642	0.0301422065346712	"OR"	"M3_E2"
"rs6509215"	"chr19"	45982780	"T"	"G"	0.205321347248577	1.04051900256291	0.187427158850172	0.0301310651411839	"OR"	"M3_E2"
"rs7250430"	"chr19"	45983299	"T"	"G"	0.0634701138519924	0.953884024190229	0.330990976008076	0.0485672497475458	"OR"	"M3_E2"
"rs73567081"	"chr19"	45983527	"C"	"T"	0.0626741935483871	0.955732277340032	0.351998069331936	0.0486477315196977	"OR"	"M3_E2"
"rs7254043"	"chr19"	45984567	"G"	"A"	0.432582827324478	1.00323358793623	0.890983780366328	0.0235545263429395	"OR"	"M3_E2"
"rs12610815"	"chr19"	45984603	"C"	"G"	0.0938046489563567	0.943711742513632	0.176585923248248	0.0428718411555027	"OR"	"M3_E2"
"rs12610837"	"chr19"	45984664	"G"	"A"	0.177868406072106	0.985699576849947	0.652354831934945	0.031973087542876	"OR"	"M3_E2"
"rs11672105"	"chr19"	45984722	"C"	"T"	0.201908159392789	1.04481781472029	0.146305618418303	0.030179922108619	"OR"	"M3_E2"
"rs59702211"	"chr19"	45984870	"T"	"C"	0.0672565464895636	0.970428841207085	0.533301143675736	0.0481836590720128	"OR"	"M3_E2"
"rs60533566"	"chr19"	45985137	"G"	"T"	0.177080834914611	0.986566504624472	0.672553313707315	0.0319996647007525	"OR"	"M3_E2"
"rs73049942"	"chr19"	45985351	"T"	"C"	0.0908792220113852	0.942831008248638	0.171889764927416	0.0430903835494558	"OR"	"M3_E2"
"rs6509216"	"chr19"	45985499	"T"	"G"	0.468840986717268	1.01203813252366	0.62114098768711	0.0242117144490227	"OR"	"M3_E2"
"rs111420738"	"chr19"	45985532	"A"	"G"	0.0628304554079696	0.955548147974079	0.35003132966035	0.0486556858190579	"OR"	"M3_E2"
"rs6509217"	"chr19"	45985604	"G"	"A"	0.432649525616698	1.00313505766472	0.894242590635681	0.023546005497893	"OR"	"M3_E2"
"rs8101414"	"chr19"	45986045	"C"	"G"	0.447407685009488	1.00504774765119	0.83435889051874	0.024077964756415	"OR"	"M3_E2"
"rs4803825"	"chr19"	45986483	"A"	"G"	0.377566982922201	0.996011942643243	0.873840051469547	0.0251666584292584	"OR"	"M3_E2"
"rs80306406"	"chr19"	45987013	"T"	"C"	0.0216296015180266	0.990070788623049	0.919277119334823	0.0984646481073101	"OR"	"M3_E2"
"rs73567088"	"chr19"	45989473	"G"	"T"	0.0624949715370019	0.953042496408286	0.32289923698784	0.0486544557685477	"OR"	"M3_E2"
"rs34013829"	"chr19"	45990025	"T"	"C"	0.303064895635674	0.987374854999156	0.656559615975853	0.0285730390100687	"OR"	"M3_E2"
"rs2006133"	"chr19"	45991116	"G"	"T"	0.199900474383302	1.01716981931209	0.596149365823581	0.0321241853088876	"OR"	"M3_E2"
"rs1603"	"chr19"	45991636	"G"	"C"	0.206684629981025	1.01749096833871	0.589101438395443	0.0321024294781859	"OR"	"M3_E2"
"rs3745822"	"chr19"	45992075	"A"	"G"	0.0210001897533207	0.934006444276344	0.591217608261016	0.127118693471637	"OR"	"M3_E2"
"rs45548637"	"chr19"	45992544	"G"	"A"	0.0973813092979127	0.932311081403693	0.0863289019053948	0.0408659490456073	"OR"	"M3_E2"
"rs11879660"	"chr19"	45992996	"G"	"A"	0.105367172675522	0.935673753542736	0.097818871062141	0.0401616284639209	"OR"	"M3_E2"
"rs385406"	"chr19"	54514652	"T"	"C"	0.341810436432638	0.956380727770967	0.212315218547765	0.0357587563454013	"OR"	"M3_E2"
"rs415129"	"chr19"	54514785	"G"	"A"	0.351757115749526	0.955510803633682	0.174421154330387	0.0335086280861954	"OR"	"M3_E2"
"rs459038"	"chr19"	54514948	"C"	"T"	0.335222580645161	1.08045491255357	0.0120386940859317	0.0308171719326907	"OR"	"M3_E2"
"rs61738518"	"chr19"	54515399	"C"	"A"	0.0272630929791271	0.923258454287244	0.382229379112735	0.0913783898539017	"OR"	"M3_E2"
"rs2291068"	"chr19"	54515561	"A"	"G"	0.0615464895635674	0.975699619331172	0.665466096731523	0.0568957240886374	"OR"	"M3_E2"
"rs73601886"	"chr19"	54515830	"C"	"G"	0.0140438330170778	1.07243604650472	0.619327831897005	0.140765475025443	"OR"	"M3_E2"
"rs11671876"	"chr19"	54516169	"C"	"T"	0.256825711574953	1.08363238524873	0.00517578241486686	0.0287274760414716	"OR"	"M3_E2"
"rs11882249"	"chr19"	54516212	"C"	"T"	0.0347962049335863	1.09381887674467	0.191292860816902	0.0686238118271894	"OR"	"M3_E2"
"rs78725213"	"chr19"	54516240	"G"	"A"	0.0390198292220114	0.94901735690059	0.429807089436095	0.0662783350702403	"OR"	"M3_E2"
"rs62145114"	"chr19"	54516530	"G"	"A"	0.257377229601518	1.08368935727383	0.00513277130124822	0.028718587962604	"OR"	"M3_E2"
"rs113418123"	"chr19"	54516893	"G"	"C"	0.26364155597723	1.08539282219959	0.00371077346390728	0.0282387517119838	"OR"	"M3_E2"
"rs457146"	"chr19"	54516973	"T"	"C"	0.335970113851992	0.964502624301867	0.157654451559159	0.0255786376810247	"OR"	"M3_E2"
"rs389834"	"chr19"	54516980	"G"	"A"	0.363854459203036	0.958815983869398	0.0939370903888371	0.0251083413064874	"OR"	"M3_E2"
"rs466835"	"chr19"	54517426	"C"	"T"	0.287303984819734	0.973119347110519	0.301463638798384	0.0263704168234395	"OR"	"M3_E2"
"rs458319"	"chr19"	54517466	"A"	"T"	0.214988614800759	0.948823626092713	0.100495112096313	0.03198398270931	"OR"	"M3_E2"
"rs11669311"	"chr19"	54517526	"T"	"A"	0.308194686907021	1.06030007468106	0.0285989047963064	0.0267486145442244	"OR"	"M3_E2"
"rs413212"	"chr19"	54517573	"A"	"G"	0.357995351043643	0.962868316977743	0.136945536709255	0.0254417919377777	"OR"	"M3_E2"
"rs459616"	"chr19"	54517640	"G"	"A"	0.297593263757116	0.970858570763236	0.259402606398734	0.026223056875515	"OR"	"M3_E2"
"rs58419283"	"chr19"	54517990	"C"	"T"	0.0133486717267552	1.05589648229519	0.699822792787648	0.141068047170523	"OR"	"M3_E2"
"rs4022311"	"chr19"	54518024	"C"	"T"	0.356571631878558	0.963883738323279	0.148211891767556	0.02544103825446	"OR"	"M3_E2"
"rs8101466"	"chr19"	54518310	"C"	"G"	0.369846204933586	0.964693636055042	0.163593327182715	0.0258021862793063	"OR"	"M3_E2"
"rs2336219"	"chr19"	45912406	"A"	"G"	0.165085388994307	0.0774323809084063	0.0186998291217153	0.0328143885182565	"Linear"	"M3_E2"
"rs3212986"	"chr19"	45912736	"A"	"C"	0.257604562737643	-0.0366298185892859	0.183179989910596	0.0274790365705815	"Linear"	"M3_E2"
"rs3212964"	"chr19"	45920796	"A"	"G"	0.16	0.0495861589607812	0.134953892633759	0.0331137896936617	"Linear"	"M3_E2"
"rs11615"	"chr19"	45923653	"G"	"A"	0.43168880455408	0.00851794991411878	0.712124936127318	0.0230696037572643	"Linear"	"M3_E2"
"rs11882642"	"chr19"	45933493	"G"	"A"	0.425047438330171	0.0100103357439671	0.666539396381755	0.0232163590433035	"Linear"	"M3_E2"
"rs12611268"	"chr19"	45949900	"A"	"G"	0.192599620493359	0.0025279890254698	0.93306138241343	0.030081117009311	"Linear"	"M3_E2"
"rs10415949"	"chr19"	45962799	"G"	"A"	0.266603415559772	-0.0137798566831478	0.598190589788916	0.026129638652407	"Linear"	"M3_E2"
"rs3760846"	"chr19"	45968607	"G"	"A"	0.094106463878327	-0.0478299628470089	0.250404524087411	0.0415623452699582	"Linear"	"M3_E2"
"rs2238686"	"chr19"	45973056	"G"	"A"	0.139468690702087	-0.046082281803587	0.173100381645459	0.0337748823609056	"Linear"	"M3_E2"
"rs2276470"	"chr19"	45974668	"A"	"G"	0.476280834914611	-0.028567601571723	0.215284211269045	0.023022610047613	"Linear"	"M3_E2"
"rs7250901"	"chr19"	45986890	"A"	"G"	0.432637571157495	0.00312620208759487	0.894409582044607	0.0235408636909532	"Linear"	"M3_E2"
"rs2298887"	"chr19"	45998346	"A"	"C"	0.15180265654649	0.016055527719861	0.637110183672038	0.0340122034219777	"Linear"	"M3_E2"
"rs12609834"	"chr19"	46019140	"A"	"G"	0.128083491461101	-0.0360822649470863	0.315361617519854	0.0358986164474281	"Linear"	"M3_E2"
"rs8099878"	"chr19"	46019601	"C"	"A"	0.409867172675522	0.00802966327592565	0.754270119228172	0.0256376639416116	"Linear"	"M3_E2"
"rs2301283"	"chr19"	46024584	"C"	"A"	0.038899430740038	0.0198001716379932	0.737874185145083	0.0591280934430777	"Linear"	"M3_E2"
"rs10995"	"chr19"	46030154	"G"	"A"	0.239089184060721	0.0029828431055934	0.917793087826343	0.0288839519104565	"Linear"	"M3_E2"
"rs16979873"	"chr19"	46034511	"G"	"A"	0.181214421252372	-0.0210714525250058	0.506542416099781	0.0316986017669115	"Linear"	"M3_E2"
"rs8111589"	"chr19"	46034558	"G"	"A"	0.434535104364326	-0.0160764910784288	0.504868838457315	0.0240895138011144	"Linear"	"M3_E2"
"rs17286686"	"chr19"	46035966	"G"	"A"	0.131878557874763	-0.0472223495929108	0.184972205459017	0.0355707935280616	"Linear"	"M3_E2"
"rs4803831"	"chr19"	46038553	"A"	"C"	0.0483870967741935	0.0549271900160084	0.311396317425879	0.0542011701815744	"Linear"	"M3_E2"
"rs3826861"	"chr19"	46056620	"G"	"A"	0.383587786259542	0.0125195733705215	0.602352949836401	0.0240125527736578	"Linear"	"M3_E2"
"rs11083752"	"chr19"	45454363	"A"	"G"	0.538799525616698	0.0304074052562134	0.197681286355136	0.0235712218459819	"Linear"	"M3_E2"
"rs75922585"	"chr19"	45454450	"G"	"A"	0.00381375711574952	0.317155481477888	0.173041334184035	0.232419357982199	"Linear"	"M3_E2"
"rs7248162"	"chr19"	45454686	"C"	"T"	0.538799525616698	0.0304074052562134	0.197681286355136	0.0235712218459819	"Linear"	"M3_E2"
"rs77862802"	"chr19"	45454753	"G"	"A"	0.00793633776091081	0.156849182833414	0.475770238596188	0.219769569715383	"Linear"	"M3_E2"
"rs7247227"	"chr19"	45454759	"G"	"A"	0.543305882352941	0.0260942763682911	0.272095967042342	0.023731838989786	"Linear"	"M3_E2"
"rs7247551"	"chr19"	45454766	"A"	"G"	0.482016034155598	-0.0303800043532603	0.200996818774819	0.0237246811605382	"Linear"	"M3_E2"
"rs892101"	"chr19"	45455458	"A"	"G"	0.541572011385199	0.0274811097786544	0.244228363066829	0.0235696445543609	"Linear"	"M3_E2"
"rs7251501"	"chr19"	45455706	"T"	"C"	0.5411444971537	0.0291443200935712	0.219282268269931	0.0236928136626841	"Linear"	"M3_E2"
"rs7251503"	"chr19"	45455715	"G"	"C"	0.541151992409867	0.0291487642305814	0.219218886531014	0.0236931626691463	"Linear"	"M3_E2"
"rs12460346"	"chr19"	45455901	"G"	"C"	0.552788045540797	0.0303000783076606	0.211806838251531	0.0242337539665992	"Linear"	"M3_E2"
"rs12460347"	"chr19"	45455905	"C"	"T"	0.422403889943074	0.031629420640834	0.213670368715391	0.0254003925135602	"Linear"	"M3_E2"
"rs7254723"	"chr19"	45455921	"G"	"A"	0.560098766603416	0.0311750203053017	0.207315682324937	0.0246885501824774	"Linear"	"M3_E2"
"rs12460352"	"chr19"	45455966	"T"	"C"	0.541153225806452	0.0291403525537348	0.219155096188156	0.0236830416390484	"Linear"	"M3_E2"
"rs4803777"	"chr19"	45456101	"A"	"G"	0.54329174573055	0.0260575811605801	0.270138445239796	0.0236017363030626	"Linear"	"M3_E2"
"rs4803778"	"chr19"	45456246	"C"	"T"	0.539141461100569	0.0304516318643525	0.19657921221927	0.0235473972742759	"Linear"	"M3_E2"
"rs4803779"	"chr19"	45456497	"C"	"T"	0.539165464895636	0.0304506099410318	0.196578263844616	0.0235465570675078	"Linear"	"M3_E2"
"rs4803780"	"chr19"	45456628	"T"	"C"	0.540993358633776	0.0291658025127075	0.218619893811933	0.0236761596284658	"Linear"	"M3_E2"
"rs12983572"	"chr19"	45456832	"G"	"C"	0.0168299810246679	-0.0168477567133085	0.87596553595617	0.107880024989212	"Linear"	"M3_E2"
"rs3760625"	"chr19"	45456941	"A"	"G"	0.539152561669829	0.0304563831014999	0.196480837705737	0.0235458858668902	"Linear"	"M3_E2"
"rs3760626"	"chr19"	45457105	"G"	"A"	0.540981499051233	0.0291583606423786	0.218721490723054	0.0236753487326252	"Linear"	"M3_E2"
"rs3760628"	"chr19"	45457225	"A"	"G"	0.539154364326376	0.0304494002570856	0.196587323667456	0.0235460991149305	"Linear"	"M3_E2"
"rs2239375"	"chr19"	45459851	"C"	"T"	0.538186242884251	0.0327029641066528	0.166465471403876	0.0235983991769677	"Linear"	"M3_E2"
"rs77659021"	"chr19"	45460254	"G"	"A"	0.0248725806451613	0.14342797089188	0.226441897338964	0.118420776706972	"Linear"	"M3_E2"
"rs204905"	"chr19"	45460764	"A"	"G"	0.480540227703985	-0.0329292918242547	0.167028743843166	0.0237933593655633	"Linear"	"M3_E2"
"rs75178253"	"chr19"	45461007	"A"	"G"	0.0588148007590133	0.0637980172659847	0.467308083249113	0.0876995603789212	"Linear"	"M3_E2"
"rs1882752"	"chr19"	45461342	"G"	"C"	0.280456546489564	-0.00854887080477936	0.754183918602766	0.0272855339925718	"Linear"	"M3_E2"
"rs204906"	"chr19"	45461980	"C"	"T"	0.0283566413662239	-0.0444153706317148	0.610533065595802	0.0871477017605915	"Linear"	"M3_E2"
"rs204907"	"chr19"	45461996	"A"	"G"	0.0645150853889943	-0.00580968435060439	0.907667454578235	0.0500644419414185	"Linear"	"M3_E2"
"rs61062133"	"chr19"	45463256	"C"	"G"	0.037353605313093	0.0678190277877994	0.31650680740527	0.0676338799909854	"Linear"	"M3_E2"
"rs204910"	"chr19"	45463385	"C"	"T"	0.026776375711575	-0.0430902545550331	0.620549822964403	0.086980484097546	"Linear"	"M3_E2"
"rs204911"	"chr19"	45463540	"T"	"A"	0.0305574003795066	-0.0204327110243897	0.811672227329813	0.0857061908015485	"Linear"	"M3_E2"
"rs8100120"	"chr19"	45466058	"C"	"T"	0.54175825426945	0.0326004426426931	0.171484234921744	0.023803685875532	"Linear"	"M3_E2"
"rs8100236"	"chr19"	45466144	"C"	"T"	0.540790607210626	0.0293753738065857	0.21508359296918	0.0236632256677327	"Linear"	"M3_E2"
"rs204912"	"chr19"	45466207	"G"	"A"	0.0578659392789374	0.00121335408463897	0.980535262143893	0.0497053738333929	"Linear"	"M3_E2"
"rs204913"	"chr19"	45466238	"C"	"T"	0.0565535104364326	-0.00297652183390355	0.952234337360054	0.0496638454420516	"Linear"	"M3_E2"
"rs111378568"	"chr19"	45466242	"A"	"G"	0.00918738140417457	0.0753679344655318	0.740998323952967	0.227884989666503	"Linear"	"M3_E2"
"rs111997200"	"chr19"	45466325	"C"	"T"	0.542623529411765	0.032212337692565	0.177600839109374	0.0238571811181359	"Linear"	"M3_E2"
"rs204914"	"chr19"	45466335	"C"	"T"	0.0432817836812144	0.00758809027394743	0.905972364667364	0.0642055142274087	"Linear"	"M3_E2"
"rs112704499"	"chr19"	45467698	"G"	"A"	0.275563187855787	-0.0104868277303919	0.705261708647293	0.0277092914766638	"Linear"	"M3_E2"
"rs10416261"	"chr19"	45468645	"C"	"T"	0.400177514231499	0.0238779854660416	0.320321827872656	0.0240014653589606	"Linear"	"M3_E2"
"rs114601604"	"chr19"	45469357	"A"	"C"	0.00329525616698292	0.446118811626891	0.0602911760034147	0.236890951459997	"Linear"	"M3_E2"
"rs4803782"	"chr19"	45469579	"A"	"G"	0.0205273244781784	-0.0610345852058863	0.567586431718849	0.106700852745391	"Linear"	"M3_E2"
"rs7259913"	"chr19"	45979944	"T"	"A"	0.143799240986717	-0.0208537179677776	0.554057252641943	0.0352187769635694	"Linear"	"M3_E2"
"rs28381261"	"chr19"	45979984	"G"	"A"	0.0637907969639469	-0.0446462013282665	0.355227620460047	0.0482444773097964	"Linear"	"M3_E2"
"rs7259280"	"chr19"	45980255	"A"	"C"	0.142665844402277	-0.0215838129031909	0.541832123331407	0.0353547143268585	"Linear"	"M3_E2"
"rs116999393"	"chr19"	45980576	"G"	"T"	0.0728318785578748	0.111730629458108	0.0166335287920056	0.0464890926149141	"Linear"	"M3_E2"
"rs12608680"	"chr19"	45981037	"A"	"G"	0.491562333965844	0.00236297097871861	0.918817893998309	0.0231713757218699	"Linear"	"M3_E2"
"rs12608704"	"chr19"	45981102	"C"	"G"	0.0899099620493359	-0.0576712767684638	0.183218579966635	0.0432679206947629	"Linear"	"M3_E2"
"rs12608705"	"chr19"	45981105	"C"	"T"	0.0899102466793169	-0.0576715740596971	0.183215052046717	0.0432677945495587	"Linear"	"M3_E2"
"rs8103655"	"chr19"	45981455	"T"	"C"	0.45773614800759	0.015067106980757	0.533242506095828	0.0241643113211844	"Linear"	"M3_E2"
"rs62109594"	"chr19"	45981662	"C"	"T"	0.0128794117647059	-0.0136271577237203	0.912832828829547	0.124420075096061	"Linear"	"M3_E2"
"rs6509214"	"chr19"	45981815	"G"	"T"	0.345548481973435	-0.0316780810744972	0.218577533378882	0.0257132033343824	"Linear"	"M3_E2"
"rs7245548"	"chr19"	45981840	"C"	"T"	0.438525237191651	0.00721103796337122	0.760108401396368	0.02360272311193	"Linear"	"M3_E2"
"rs7259949"	"chr19"	45981957	"A"	"C"	0.213722011385199	-0.0384356756401672	0.24875817340179	0.0332830721995796	"Linear"	"M3_E2"
"rs12972892"	"chr19"	45982373	"T"	"G"	0.0908695445920304	-0.058882319276582	0.172388365652357	0.0430847208707509	"Linear"	"M3_E2"
"rs28367112"	"chr19"	45982440	"G"	"C"	0.204648861480076	0.0394354713571647	0.191410373774274	0.0301422065346713	"Linear"	"M3_E2"
"rs6509215"	"chr19"	45982780	"T"	"G"	0.205321347248577	0.0397196295996493	0.188073347719375	0.0301310651411856	"Linear"	"M3_E2"
"rs7250430"	"chr19"	45983299	"T"	"G"	0.0634701138519924	-0.0472131828586014	0.331494210467116	0.0485672497475455	"Linear"	"M3_E2"
"rs73567081"	"chr19"	45983527	"C"	"T"	0.0626741935483871	-0.0452774497739509	0.352478939110433	0.0486477315196977	"Linear"	"M3_E2"
"rs7254043"	"chr19"	45984567	"G"	"A"	0.432582827324478	0.00322837113373082	0.891042849101741	0.0235545263429413	"Linear"	"M3_E2"
"rs12610815"	"chr19"	45984603	"C"	"G"	0.0938046489563567	-0.0579345169744786	0.177240176245141	0.0428718411555025	"Linear"	"M3_E2"
"rs12610837"	"chr19"	45984664	"G"	"A"	0.177868406072106	-0.0144036595997197	0.652563901146149	0.0319730875428761	"Linear"	"M3_E2"
"rs11672105"	"chr19"	45984722	"C"	"T"	0.201908159392789	0.0438425302372089	0.146977181518618	0.0301799221086184	"Linear"	"M3_E2"
"rs59702211"	"chr19"	45984870	"T"	"C"	0.0672565464895636	-0.030017200846836	0.533605243782919	0.0481836590720125	"Linear"	"M3_E2"
"rs60533566"	"chr19"	45985137	"G"	"T"	0.177080834914611	-0.0135245410685016	0.672747846895901	0.0319996647007527	"Linear"	"M3_E2"
"rs73049942"	"chr19"	45985351	"T"	"C"	0.0908792220113852	-0.0588682189312708	0.172547248742037	0.0430903835494556	"Linear"	"M3_E2"
"rs6509216"	"chr19"	45985499	"T"	"G"	0.468840986717268	0.0119662505147314	0.62137338122899	0.024211714449021	"Linear"	"M3_E2"
"rs111420738"	"chr19"	45985532	"A"	"G"	0.0628304554079696	-0.0454701262269553	0.350514285476229	0.0486556858190575	"Linear"	"M3_E2"
"rs6509217"	"chr19"	45985604	"G"	"A"	0.432649525616698	0.00313015361841481	0.894299852317303	0.0235460054978946	"Linear"	"M3_E2"
"rs8101414"	"chr19"	45986045	"C"	"G"	0.447407685009488	0.00503505048315933	0.83445007460221	0.0240779647564166	"Linear"	"M3_E2"
"rs4803825"	"chr19"	45986483	"A"	"G"	0.377566982922201	-0.00399603086375984	0.873908692972723	0.0251666584292583	"Linear"	"M3_E2"
"rs80306406"	"chr19"	45987013	"T"	"C"	0.0216296015180266	-0.00997883475012111	0.919320615683284	0.0984646481073097	"Linear"	"M3_E2"
"rs73567088"	"chr19"	45989473	"G"	"T"	0.0624949715370019	-0.0480957840783978	0.323411120315707	0.0486544557685477	"Linear"	"M3_E2"
"rs34013829"	"chr19"	45990025	"T"	"C"	0.303064895635674	-0.012705519352452	0.656765623988616	0.0285730390100685	"Linear"	"M3_E2"
"rs2006133"	"chr19"	45991116	"G"	"T"	0.199900474383302	0.0170240837678923	0.596401225245855	0.0321241853088851	"Linear"	"M3_E2"
"rs1603"	"chr19"	45991636	"G"	"C"	0.206684629981025	0.017339761969631	0.58935891898541	0.0321024294781883	"Linear"	"M3_E2"
"rs3745822"	"chr19"	45992075	"A"	"G"	0.0210001897533207	-0.0682719411236237	0.591473394905873	0.127118693471637	"Linear"	"M3_E2"
"rs45548637"	"chr19"	45992544	"G"	"A"	0.0973813092979127	-0.0700887416579977	0.0869922622460225	0.0408659490456076	"Linear"	"M3_E2"
"rs11879660"	"chr19"	45992996	"G"	"A"	0.105367172675522	-0.0664884171709104	0.0984906579178269	0.0401616284639209	"Linear"	"M3_E2"
"rs385406"	"chr19"	54514652	"T"	"C"	0.341810436432638	-0.0445991944050893	0.212940331852445	0.0357587563454011	"Linear"	"M3_E2"
"rs415129"	"chr19"	54514785	"G"	"A"	0.351757115749526	-0.0455092085800874	0.175076917783671	0.0335086280861953	"Linear"	"M3_E2"
"rs459038"	"chr19"	54514948	"C"	"T"	0.335222580645161	0.0773821677772336	0.0123753649409961	0.0308171719326909	"Linear"	"M3_E2"
"rs61738518"	"chr19"	54515399	"C"	"A"	0.0272630929791271	-0.0798460681971641	0.38267848322452	0.0913783898539021	"Linear"	"M3_E2"
"rs2291068"	"chr19"	54515561	"A"	"G"	0.0615464895635674	-0.0246005070177685	0.665665682006483	0.0568957240886377	"Linear"	"M3_E2"
"rs73601886"	"chr19"	54515830	"C"	"G"	0.0140438330170778	0.0699327397434446	0.619561613581954	0.140765475025441	"Linear"	"M3_E2"
"rs11671876"	"chr19"	54516169	"C"	"T"	0.256825711574953	0.0803187175012227	0.00538916987045727	0.0287274760414716	"Linear"	"M3_E2"
"rs11882249"	"chr19"	54516212	"C"	"T"	0.0347962049335863	0.0896751297306681	0.191935990859876	0.0686238118271895	"Linear"	"M3_E2"
"rs78725213"	"chr19"	54516240	"G"	"A"	0.0390198292220114	-0.0523281908655016	0.430207759315955	0.0662783350702401	"Linear"	"M3_E2"
"rs62145114"	"chr19"	54516530	"G"	"A"	0.257377229601518	0.0803712911676022	0.00534513295773865	0.0287185879626036	"Linear"	"M3_E2"
"rs113418123"	"chr19"	54516893	"G"	"C"	0.26364155597723	0.08194196957904	0.0038861467479708	0.0282387517119816	"Linear"	"M3_E2"
"rs457146"	"chr19"	54516973	"T"	"C"	0.335970113851992	-0.0361427257464652	0.158320583747811	0.0255786376810247	"Linear"	"M3_E2"
"rs389834"	"chr19"	54516980	"G"	"A"	0.363854459203036	-0.0420561058585277	0.094606528954525	0.0251083413064879	"Linear"	"M3_E2"
"rs466835"	"chr19"	54517426	"C"	"T"	0.287303984819734	-0.0272485454172786	0.301998438753835	0.0263704168234392	"Linear"	"M3_E2"
"rs458319"	"chr19"	54517466	"A"	"T"	0.214988614800759	-0.0525323500234978	0.101168249830124	0.0319839827093102	"Linear"	"M3_E2"
"rs11669311"	"chr19"	54517526	"T"	"A"	0.308194686907021	0.0585519573835131	0.0290932897963789	0.026748614544226	"Linear"	"M3_E2"
"rs413212"	"chr19"	54517573	"A"	"G"	0.357995351043643	-0.0378386190286739	0.137620389869787	0.0254417919377779	"Linear"	"M3_E2"
"rs459616"	"chr19"	54517640	"G"	"A"	0.297593263757116	-0.0295744744782205	0.259981698748518	0.026223056875515	"Linear"	"M3_E2"
"rs58419283"	"chr19"	54517990	"C"	"T"	0.0133486717267552	0.0543901523494433	0.699998355848126	0.141068047170523	"Linear"	"M3_E2"
"rs4022311"	"chr19"	54518024	"C"	"T"	0.356571631878558	-0.0367845950438548	0.148882646013189	0.0254410382544598	"Linear"	"M3_E2"
"rs8101466"	"chr19"	54518310	"C"	"G"	0.369846204933586	-0.0359447036398257	0.164256076184505	0.025802186279306	"Linear"	"M3_E2"
"rs7246900"	"chr19"	45454236	"G"	"A"	0.467791211146838	1.2783986811411	0.00648873893732801	0.0902562967409882	"HR"	"MA27"
"rs11083752"	"chr19"	45454363	"G"	"A"	0.468803001071811	1.26521916584912	0.00885532079897815	0.0898878195667464	"HR"	"MA27"
"rs7248162"	"chr19"	45454686	"T"	"C"	0.468803429796356	1.26524942592229	0.00884506723950176	0.0898833586831551	"HR"	"MA27"
"rs7247227"	"chr19"	45454759	"A"	"G"	0.467050160771704	1.27299682990429	0.00717486502238272	0.089802296749871	"HR"	"MA27"
"rs7247551"	"chr19"	45454766	"A"	"G"	0.482521650589496	0.826937540616781	0.0328627028837304	0.0892899472490681	"HR"	"MA27"
"rs892101"	"chr19"	45455458	"G"	"A"	0.46670578778135	1.27352060885841	0.00704875906343227	0.0897577072802718	"HR"	"MA27"
"rs10413089"	"chr19"	45455588	"T"	"C"	0.189710610932476	1.36251207047798	0.0041652753825467	0.105220636735653	"HR"	"MA27"
"rs7251501"	"chr19"	45455706	"C"	"T"	0.459412004287245	1.28108805619566	0.00607392190122378	0.0902395114135053	"HR"	"MA27"
"rs7251503"	"chr19"	45455715	"C"	"G"	0.459352947481243	1.28112222596706	0.00607377286539755	0.0902491437852479	"HR"	"MA27"
"rs12460346"	"chr19"	45455901	"C"	"G"	0.409147481243301	1.27495270175408	0.0107647274413905	0.0949100193661572	"HR"	"MA27"
"rs12460347"	"chr19"	45455905	"C"	"T"	0.409660878885316	1.31457169466265	0.00409345728195472	0.0949055674570099	"HR"	"MA27"
"rs7254723"	"chr19"	45455921	"A"	"G"	0.409813076098607	1.30526650065432	0.00501468490240801	0.0945938130602554	"HR"	"MA27"
"rs12460352"	"chr19"	45455966	"C"	"T"	0.455718327974277	1.28182607869482	0.00616892213565425	0.0905990192755264	"HR"	"MA27"
"rs4803777"	"chr19"	45456101	"G"	"A"	0.456289924973205	1.25886491957335	0.0113614685725003	0.090921058789164	"HR"	"MA27"
"rs4803778"	"chr19"	45456246	"T"	"C"	0.46308756698821	1.25793198444011	0.0115052715373941	0.0908033150320545	"HR"	"MA27"
"rs4803779"	"chr19"	45456497	"T"	"C"	0.467816398713826	1.26799466906407	0.00824498543537723	0.0898943908473572	"HR"	"MA27"
"rs4803780"	"chr19"	45456628	"C"	"T"	0.468184030010718	1.26618528908497	0.00857853834337004	0.0898077328744342	"HR"	"MA27"
"rs3760625"	"chr19"	45456941	"G"	"A"	0.468175991425509	1.26615465604351	0.00858176572153182	0.0898028615870763	"HR"	"MA27"
"rs3760626"	"chr19"	45457105	"A"	"G"	0.468170739549839	1.26613992368776	0.00858317466424208	0.0898003061472051	"HR"	"MA27"
"rs3760627"	"chr19"	45457180	"T"	"C"	0.466452304394427	1.27387704531004	0.00695743200436165	0.0897164192759946	"HR"	"MA27"
"rs3760628"	"chr19"	45457225	"G"	"A"	0.468169239013934	1.2662140530036	0.0085663735869255	0.0898000028056848	"HR"	"MA27"
"rs73047641"	"chr19"	45457377	"G"	"A"	0.466502143622722	1.27408293550546	0.00693118809385185	0.0897350043587501	"HR"	"MA27"
"rs73047643"	"chr19"	45457393	"T"	"C"	0.274994855305466	1.01979121522757	0.845241217730468	0.100251889473663	"HR"	"MA27"
"rs10426750"	"chr19"	45457684	"G"	"C"	0.46601629153269	1.27076002839265	0.00757197373734886	0.0897428445232169	"HR"	"MA27"
"rs3760629"	"chr19"	45458146	"A"	"C"	0.468284673097535	1.26787707686135	0.00822400622792141	0.0898319661525127	"HR"	"MA27"
"rs2238682"	"chr19"	45458593	"C"	"T"	0.27643258306538	1.03921277975878	0.700020607915746	0.0995402863588779	"HR"	"MA27"
"rs7252480"	"chr19"	45458925	"C"	"T"	0.275901178992497	1.03193812474175	0.753322113697844	0.0998014121895033	"HR"	"MA27"
"rs4803781"	"chr19"	45459671	"G"	"A"	0.46832540192926	1.27137081199111	0.00751059047523083	0.0898404417027173	"HR"	"MA27"
"rs2239375"	"chr19"	45459851	"T"	"C"	0.468326580921758	1.27178389755735	0.00742724815099423	0.0898367255098096	"HR"	"MA27"
"rs204905"	"chr19"	45460764	"A"	"G"	0.483145873526259	0.821058074886747	0.0267084731095668	0.089234766761855	"HR"	"MA27"
"rs1882752"	"chr19"	45461342	"G"	"C"	0.277158199356913	1.05431019041241	0.598182343052317	0.0999643910539639	"HR"	"MA27"
"rs8100120"	"chr19"	45466058	"T"	"C"	0.45197320471597	1.30198858762812	0.00386144278168542	0.0912680649012234	"HR"	"MA27"
"rs8100236"	"chr19"	45466144	"T"	"C"	0.466391961414791	1.28285760419998	0.00561588822669374	0.0899756449538079	"HR"	"MA27"
"rs111997200"	"chr19"	45466325	"T"	"C"	0.43214308681672	1.25638435922855	0.0132766044513815	0.0919226391044109	"HR"	"MA27"
"rs112704499"	"chr19"	45467698	"G"	"A"	0.280703215434084	1.02141763497672	0.831685534213296	0.0995486256886156	"HR"	"MA27"
"rs10416261"	"chr19"	45468645	"C"	"T"	0.405746838156484	1.20897006057925	0.037295652920411	0.0907820701182805	"HR"	"MA27"
"rs11878597"	"chr19"	45470298	"T"	"C"	0.448779742765273	1.27747055728283	0.00738625585487101	0.0913235132534357	"HR"	"MA27"
"rs35193317"	"chr19"	45470344	"C"	"T"	0.476043301178993	0.805843329821654	0.016769734177895	0.0905771283827611	"HR"	"MA27"
"rs4803783"	"chr19"	45470458	"C"	"G"	0.337934405144695	0.984373412362004	0.869544941286833	0.0959877648115792	"HR"	"MA27"
"rs4803784"	"chr19"	45470557	"C"	"G"	0.181426152197213	1.39957538021906	0.00199607532737737	0.105734190893399	"HR"	"MA27"
"rs2142074"	"chr19"	45473097	"A"	"G"	0.277342765273312	1.00694557588026	0.945241325959023	0.100721653944403	"HR"	"MA27"
"rs11668758"	"chr19"	45474680	"C"	"T"	0.277047266881029	1.00920011136327	0.927667433046473	0.100812313380706	"HR"	"MA27"
"rs2276472"	"chr19"	45974809	"A"	"G"	0.46617706323687	0.820665465650324	0.0279393297238981	0.090320348989837	"HR"	"MA27"
"rs10424098"	"chr19"	45976636	"T"	"G"	0.478194105037513	0.791009383303515	0.0101219832529471	0.0915836332273677	"HR"	"MA27"
"rs1049739"	"chr19"	45978375	"A"	"G"	0.410289603429796	0.851753613634857	0.078084101423581	0.0916559738682733	"HR"	"MA27"
"rs8106229"	"chr19"	45978690	"T"	"G"	0.408093140407288	0.850319911394831	0.0752271281953881	0.0917392907396041	"HR"	"MA27"
"rs8106233"	"chr19"	45978694	"T"	"C"	0.496705894962487	0.824126447477996	0.0302264297367732	0.0894639581894909	"HR"	"MA27"
"rs10417603"	"chr19"	45979037	"C"	"G"	0.499407502679528	1.20967436729146	0.033757757359745	0.0898565658739879	"HR"	"MA27"
"rs7256242"	"chr19"	45979435	"T"	"C"	0.488910825294748	0.817755717354316	0.0249673669589916	0.089993358907078	"HR"	"MA27"
"rs12608680"	"chr19"	45981037	"A"	"G"	0.419768917470525	0.719787481509692	0.000792361604781918	0.0992042293131509	"HR"	"MA27"
"rs8103655"	"chr19"	45981455	"T"	"C"	0.465872240085745	0.832476260478585	0.0400671133022826	0.0896508359527605	"HR"	"MA27"
"rs6509214"	"chr19"	45981815	"G"	"T"	0.346322079314041	0.853515506265847	0.0920565869523386	0.094922015597602	"HR"	"MA27"
"rs7245548"	"chr19"	45981840	"C"	"T"	0.435049517684887	1.32541800751019	0.0016215285782085	0.089196221099107	"HR"	"MA27"
"rs7259949"	"chr19"	45981957	"A"	"C"	0.247349517684887	0.820435300013667	0.08089126412535	0.115326486732192	"HR"	"MA27"
"rs28367112"	"chr19"	45982440	"G"	"C"	0.19913065380493	0.858738786716878	0.185909598248509	0.116942728652789	"HR"	"MA27"
"rs6509215"	"chr19"	45982780	"T"	"G"	0.199164201500536	0.85887416002759	0.186372332787849	0.116942557801296	"HR"	"MA27"
"rs7254043"	"chr19"	45984567	"G"	"A"	0.440263665594855	1.29162267175458	0.00416125329820085	0.0891437164225563	"HR"	"MA27"
"rs12610837"	"chr19"	45984664	"G"	"A"	0.185297749196141	0.819857140683534	0.0993476170024569	0.123096009624486	"HR"	"MA27"
"rs11672105"	"chr19"	45984722	"C"	"T"	0.198523258306538	0.855403616411484	0.175772763527535	0.117246776432739	"HR"	"MA27"
"rs60533566"	"chr19"	45985137	"G"	"T"	0.186084565916399	0.813618741604926	0.0872829127947411	0.123294905818794	"HR"	"MA27"
"rs6509216"	"chr19"	45985499	"T"	"G"	0.458317792068596	0.789347641776604	0.0106680382892351	0.093167397675009	"HR"	"MA27"
"rs6509217"	"chr19"	45985604	"G"	"A"	0.438379849946409	1.29843029758739	0.00342899184918774	0.0890786600122554	"HR"	"MA27"
"rs8101414"	"chr19"	45986045	"C"	"G"	0.499737513397642	1.2558944073445	0.0142500310131261	0.0931760732746553	"HR"	"MA27"
"rs4803825"	"chr19"	45986483	"A"	"G"	0.372111789924973	0.839717500822363	0.0648151840872172	0.0954146426539844	"HR"	"MA27"
"rs7250901"	"chr19"	45986890	"G"	"A"	0.437620578778135	1.29067058770218	0.00418323167391436	0.0889232364756114	"HR"	"MA27"
"rs34013829"	"chr19"	45990025	"T"	"C"	0.291693140407288	1.02511486960966	0.805779802369803	0.1007178668044	"HR"	"MA27"
"rs2006133"	"chr19"	45991116	"G"	"T"	0.214285530546624	1.17174759352432	0.143894464606218	0.106978392273431	"HR"	"MA27"
"rs1603"	"chr19"	45991636	"G"	"C"	0.22598038585209	1.14333978309885	0.208838019161412	0.105422990076455	"HR"	"MA27"
"rs11879629"	"chr19"	45993131	"G"	"A"	0.420306430868167	1.09546804338171	0.320216900599471	0.0915487170937374	"HR"	"MA27"
"rs11882534"	"chr19"	45993191	"T"	"C"	0.484533547695606	1.01638303564366	0.858862030389599	0.0913806733843868	"HR"	"MA27"
"rs4511641"	"chr19"	45993568	"C"	"A"	0.434736120042872	1.06138688920916	0.514939217863825	0.0913913423836936	"HR"	"MA27"
"rs35025952"	"chr19"	45995181	"C"	"T"	0.416144694533762	1.07354598803086	0.439512365024622	0.0916483234857464	"HR"	"MA27"
"rs62109598"	"chr19"	45995365	"C"	"T"	0.226326152197213	1.13829191782175	0.224444428255441	0.105497758626252	"HR"	"MA27"
"rs62109644"	"chr19"	45995656	"C"	"T"	0.226336655948553	1.13804793413628	0.225294284491629	0.105518089901108	"HR"	"MA27"
"rs1573606"	"chr19"	45996056	"A"	"G"	0.416127545551983	1.07192366365727	0.449642731162989	0.0917157689091203	"HR"	"MA27"
"rs456034"	"chr19"	54511910	"C"	"T"	0.3025320471597	1.08388954960049	0.404308000996538	0.096116925276714	"HR"	"MA27"
"rs460323"	"chr19"	54511915	"C"	"A"	0.302528938906752	1.08391370343382	0.402772849432208	0.0958261667640798	"HR"	"MA27"
"rs8105757"	"chr19"	54512398	"T"	"C"	0.360159807073955	1.05380190841803	0.580593850285903	0.0946190855132012	"HR"	"MA27"
"rs2556362"	"chr19"	54513343	"C"	"T"	0.3236	1.11500903392292	0.271749716841979	0.0984846789335805	"HR"	"MA27"
"rs430176"	"chr19"	54513971	"G"	"A"	0.308782422293676	1.08119378299598	0.42446467935694	0.0972931611611452	"HR"	"MA27"
"rs393799"	"chr19"	54514413	"C"	"T"	0.327693140407288	1.10130460503738	0.326348601998724	0.097838507020023	"HR"	"MA27"
"rs459038"	"chr19"	54514948	"C"	"T"	0.356496998928189	1.07416789829406	0.47332886401877	0.099474402995525	"HR"	"MA27"
"rs459247"	"chr19"	54515874	"C"	"T"	0.344480171489818	1.00490489334026	0.959175508613521	0.0955652399311805	"HR"	"MA27"
"rs11671876"	"chr19"	54516169	"C"	"T"	0.277581672025723	0.990775601756962	0.927226501812963	0.101532832580531	"HR"	"MA27"
"rs62145114"	"chr19"	54516530	"G"	"A"	0.287063879957128	1.00419721932672	0.966452983490311	0.0995594994206472	"HR"	"MA27"
"rs113418123"	"chr19"	54516893	"G"	"C"	0.288995498392283	1.00859687791662	0.931224254685043	0.0991258335589885	"HR"	"MA27"
"rs457146"	"chr19"	54516973	"T"	"C"	0.329434083601286	1.02708180739958	0.78126154413288	0.0960963338165982	"HR"	"MA27"
"rs389834"	"chr19"	54516980	"G"	"A"	0.351458306538049	1.00244404731301	0.979647342451512	0.0956761134157089	"HR"	"MA27"
"rs462094"	"chr19"	54517268	"G"	"A"	0.292214040728832	1.07526121777552	0.461822075572931	0.0981630286804307	"HR"	"MA27"
"rs466835"	"chr19"	54517426	"C"	"T"	0.29398038585209	1.07451202938552	0.466891563045341	0.0983366868533734	"HR"	"MA27"
"rs458319"	"chr19"	54517466	"A"	"T"	0.23759667738478	1.09994074862139	0.381800590343045	0.108145103783268	"HR"	"MA27"
"rs11669311"	"chr19"	54517526	"T"	"A"	0.326065166130761	0.958748407768655	0.662059252229401	0.096625223424803	"HR"	"MA27"
"rs413212"	"chr19"	54517573	"A"	"G"	0.347306430868167	1.0132869985191	0.890825402575257	0.0961068515077883	"HR"	"MA27"
"rs459616"	"chr19"	54517640	"G"	"A"	0.300213504823151	1.08990485084765	0.380270084020021	0.0976157607380019	"HR"	"MA27"
"rs4022311"	"chr19"	54518024	"C"	"T"	0.34606602357985	1.00912363345659	0.9248299260956	0.0962199121375961	"HR"	"MA27"
"rs457915"	"chr19"	54518091	"T"	"C"	0.328617363344051	0.967564524119212	0.730443771238758	0.0958891763832778	"HR"	"MA27"
