"snpid"	"CA06"	"CA15"	"CA18"	"CA19"	"CA24"	"CA28"	"CA52"	"CA58"	"CA62"	"CA63"	"CA70"	"CA71"	"CA84"	"CA90"	"CA95"
"rs457915"	0	1	1	0	1	0	0	1	0	1	0	0	2	0	0
"rs563320"	0	1	0	0	0	0	0	1	1	1	0	0	0	2	0
"rs12975589"	1	0	0	0	1	1	1	0	1	1	1	1	0	2	0
"rs368055"	0	0	1	0	0	1	1	0	0	0	1	0	1	2	0
"rs11878345"	0	0	1	0	0	1	1	0	0	0	1	0	1	2	0
"rs11883057"	0	0	0	0	0	1	1	0	0	0	1	0	1	2	0
"rs12978607"	0	0	1	0	0	1	1	0	1	0	1	1	1	2	1
"rs7252182"	0	0	0	0	0	1	1	0	0	0	1	0	1	2	1
"rs4805125"	0	0	0	0	0	1	1	0	0	0	1	0	1	2	1
"rs4806146"	1	0	1	1	1	1	1	1	0	1	1	0	1	2	1
"rs7247493"	0	0	0	1	1	0	1	0	2	0	0	2	0	1	1
"rs8099896"	0	0	0	1	1	1	1	0	2	0	0	2	0	1	1
"rs891205"	0	0	0	1	1	1	1	0	2	0	0	2	0	1	1
"rs7256242"	0	0	0	2	0	1	1	1	1	1	1	1	0	2	2
"rs7248719"	1	0	0	0	1	0	0	1	1	1	1	2	1	2	0
"rs427115"	0	1	1	0	0	1	0	1	0	1	0	0	1	2	0
"rs2240633"	0	1	1	0	0	1	0	1	0	1	0	0	1	2	0
"rs3826729"	1	1	0	0	1	0	1	2	0	1	2	0	2	1	1
"rs7245548"	2	2	2	0	2	1	0	1	1	1	1	1	1	0	0
"rs7250901"	2	2	2	0	2	1	0	1	1	1	1	1	1	0	0
"rs7259949"	2	2	1	0	2	1	0	1	1	1	1	1	1	0	0
"rs10402946"	0	1	1	0	0	1	0	0	0	1	1	0	0	2	0
"rs304723"	0	1	1	0	0	1	0	0	0	1	0	0	1	2	0
"rs304719"	0	1	1	0	0	1	0	0	0	1	0	0	1	2	0
"rs304720"	0	1	1	0	0	1	0	0	0	1	0	0	1	2	0
"rs34637472"	0	1	1	0	0	1	0	0	0	1	0	0	1	2	0
"rs2279002"	0	1	0	2	1	1	0	1	0	1	1	1	0	2	1
"rs3906559"	0	1	0	2	1	1	0	1	0	1	1	1	0	2	1
"rs3760627"	1	1	0	1	1	2	1	0	0	0	1	1	0	1	1
"rs3760629"	1	1	0	1	1	2	1	0	0	0	1	1	0	1	1
"rs4803781"	1	1	0	1	1	2	1	0	0	0	1	1	0	1	1
"rs204905"	1	1	0	1	1	2	1	0	0	0	1	1	0	1	1
"rs7257916"	1	1	0	1	1	2	1	0	0	0	1	1	0	1	1
"rs4806874"	0	2	1	0	0	0	0	2	1	0	0	0	0	0	1
"rs10415622"	0	2	1	0	0	0	0	2	1	0	0	0	0	0	1
"rs2302490"	0	2	1	0	0	0	0	2	1	0	0	0	0	0	1
"rs1004873"	1	0	0	1	0	0	1	0	1	0	0	0	1	2	2
"rs7249803"	0	1	0	2	2	1	1	1	0	1	1	1	0	2	1
"rs7250808"	0	1	0	2	2	1	1	1	0	1	1	1	0	2	1
"rs3826689"	0	1	0	2	2	1	1	1	0	1	1	1	0	2	1
"rs962919"	0	1	0	2	2	1	1	1	0	1	1	1	0	2	1
"rs962917"	0	1	0	2	2	1	1	1	0	1	1	1	0	2	1
"rs1545620"	0	1	0	2	2	1	1	1	0	1	1	1	0	2	1
"rs1064305"	0	1	0	2	2	1	1	1	0	1	1	1	0	2	1
"rs2305765"	0	1	0	2	2	1	1	1	0	1	1	1	0	2	1
"rs2305764"	0	1	0	2	2	1	1	1	0	1	1	1	0	2	1
"rs8108998"	0	1	0	2	2	1	1	1	0	1	1	1	0	2	1
"rs7248508"	0	1	0	2	2	1	1	1	0	1	1	1	0	2	1
"rs8110964"	0	1	0	2	2	1	1	1	0	1	1	1	0	2	1
"rs12463169"	0	1	0	2	2	1	1	1	0	1	1	1	0	2	1
"rs11666650"	0	1	1	1	1	2	0	2	0	1	0	0	2	1	1
"rs349040"	1	1	1	0	1	2	1	2	0	1	0	0	2	1	1
"rs349039"	1	1	1	0	1	2	0	2	0	1	0	0	2	1	1
"rs3745167"	1	1	0	0	1	0	1	1	0	1	2	0	2	1	1
"rs2097215"	1	1	1	1	0	2	1	1	0	1	1	1	2	1	1
"rs11878644"	1	1	1	1	0	2	1	1	0	1	1	1	2	1	1
"rs3810244"	0	2	1	0	1	0	1	0	0	1	1	1	2	0	0
"rs4803791"	0	1	0	0	1	2	1	0	0	0	0	0	0	0	1
"rs192808"	0	2	0	0	1	0	1	1	0	1	0	1	2	0	0
"rs460323"	0	2	0	0	1	0	1	1	0	1	0	1	2	0	0
"rs6509212"	0	0	1	2	2	0	0	1	1	0	1	1	0	1	2
"rs4806677"	0	2	1	0	1	0	1	0	0	1	0	1	2	0	0
"rs4806680"	0	2	1	0	1	0	1	0	0	1	0	1	2	0	0
"rs758761"	0	0	1	1	0	1	0	0	0	1	1	1	0	2	2
"rs2239378"	0	0	0	1	1	1	0	1	0	1	1	1	0	2	2
"rs4802252"	0	0	1	1	2	0	1	1	1	1	0	0	0	1	2
"rs4803816"	0	0	1	1	2	0	1	1	1	1	0	0	0	1	2
"rs10412761"	0	0	1	1	2	0	1	1	1	1	0	0	0	1	2
"rs3786956"	2	1	1	1	1	2	0	2	0	0	0	0	2	1	0
"rs11879355"	2	1	1	1	1	2	0	2	0	0	0	0	2	1	0
"rs28381239"	0	0	1	2	1	1	1	1	1	1	1	1	0	1	2
"rs4539722"	1	0	1	0	1	2	0	1	1	0	1	1	2	0	1
"rs4803659"	2	1	1	1	1	2	0	2	0	1	0	0	2	1	1
"rs1386502"	2	1	1	1	1	2	0	2	0	1	0	0	2	1	1
"rs7260133"	1	2	1	1	1	1	1	1	1	1	1	1	1	0	0
"rs344784"	1	1	1	0	2	1	2	1	2	1	0	1	2	0	0
"rs344783"	1	1	1	0	2	1	2	1	2	1	0	1	2	0	0
"rs11615"	0	0	1	1	2	0	0	1	1	0	0	0	0	1	2
"rs11882642"	0	0	1	1	2	0	0	1	1	0	1	0	0	0	2
"rs8111589"	0	0	0	1	1	0	0	1	0	1	1	1	0	2	2
"rs6509214"	0	0	0	1	0	1	0	1	0	1	1	1	0	2	2
"rs83488"	1	0	0	0	1	1	0	0	0	1	2	1	1	1	0
"rs216284"	1	0	0	0	1	1	0	0	0	1	2	1	1	1	0
"rs307718"	2	0	0	0	0	0	0	0	0	0	1	1	1	1	0
"rs1046282"	0	0	0	0	2	0	1	0	1	0	0	0	0	0	2
"rs3212986"	0	0	0	0	2	0	1	0	1	0	0	0	0	0	2
"rs3212980"	0	0	0	0	2	0	1	0	1	0	0	0	0	0	2
"rs216283"	1	2	1	1	1	0	1	2	1	1	0	0	1	0	1
"rs34012356"	0	2	1	1	1	0	1	0	0	1	1	1	2	0	2
"rs8111069"	1	1	0	1	0	2	1	0	0	0	1	0	0	1	1
"rs3786505"	1	1	0	1	0	2	1	0	0	0	1	0	0	1	1
"rs204468"	1	1	0	1	0	2	1	0	0	0	1	0	0	1	1
"rs3745185"	0	0	0	1	1	1	1	0	2	0	1	2	0	1	2
"rs1990389"	0	0	1	0	0	1	0	0	0	1	0	0	0	2	2
"rs8112656"	1	0	0	1	1	1	0	2	0	0	0	0	0	1	0
"rs7252581"	0	0	1	1	1	1	1	2	0	1	2	1	2	1	0
"rs10408790"	0	0	1	1	1	1	1	2	0	1	2	1	2	1	0
"rs364691"	1	1	1	1	1	1	0	1	0	1	0	0	1	0	1
"rs11665931"	0	0	2	1	1	1	0	0	0	1	2	0	1	2	0
"rs11672333"	0	0	2	1	1	1	0	0	0	1	2	0	1	2	0
"rs17643262"	0	1	0	0	0	1	0	0	1	0	0	0	0	1	2
"rs1114832"	0	1	0	0	0	1	0	0	1	0	0	0	0	1	2
"rs1114831"	0	1	0	0	0	1	0	0	1	0	0	0	0	1	2
"rs1048699"	0	1	0	0	0	1	0	0	1	0	0	0	0	1	2
"rs2276469"	0	0	1	2	0	1	1	1	1	1	1	1	0	1	2
"rs2276470"	0	0	1	2	0	1	1	1	1	1	1	1	0	1	2
"rs8103655"	0	0	0	1	0	1	2	1	1	1	1	1	1	1	2
"rs7249329"	2	2	1	1	0	2	0	2	0	1	0	0	0	1	0
"rs10259"	2	2	1	1	0	2	0	2	0	1	0	0	0	1	0
"rs3810204"	2	2	1	1	0	2	0	2	0	1	0	0	0	1	0
"rs10421557"	2	2	1	1	0	2	0	2	0	1	0	0	0	1	0
"rs4808625"	2	2	1	1	0	2	0	2	0	1	0	0	0	1	0
"rs11668755"	0	0	1	1	1	0	2	0	2	0	2	1	0	1	2
"rs6903"	0	0	1	1	1	0	2	0	2	0	2	1	0	1	2
"rs8100448"	0	0	1	1	1	0	2	0	2	0	2	1	0	1	2
"rs8100232"	0	0	1	1	1	0	2	0	2	0	2	1	0	1	2
"rs8111293"	1	1	1	2	0	1	1	1	0	0	2	1	0	2	1
"rs346062"	1	1	1	2	0	1	1	1	0	0	2	1	0	2	1
"rs4804063"	0	1	0	0	1	0	2	0	0	0	0	0	0	1	1
"rs1038081"	0	1	0	0	1	0	2	0	0	0	0	0	0	1	1
"rs3813777"	0	1	0	0	1	0	2	0	0	0	0	0	0	1	1
"rs5157"	2	1	0	1	1	2	1	0	0	0	2	1	0	1	1
"rs2288911"	2	1	0	1	1	2	1	0	0	0	2	1	0	1	1
"rs8110054"	1	2	0	1	1	2	1	1	1	1	1	0	1	0	1
"rs11260062"	1	0	1	2	0	0	1	0	1	0	0	1	1	2	2
"rs2286960"	1	1	1	0	1	0	0	1	1	0	0	1	2	0	0
"rs7254456"	0	2	1	0	2	1	1	0	0	1	0	1	2	1	0
"rs950798"	0	2	1	0	2	1	1	0	0	1	0	1	2	1	0
"rs307944"	0	1	0	0	0	0	1	0	2	0	0	0	1	0	1
"rs11086066"	0	0	1	1	1	0	1	0	2	0	2	1	0	1	2
"rs11086067"	0	0	1	1	1	0	1	0	2	0	2	1	0	1	2
"rs10403459"	0	0	2	1	0	1	1	1	0	1	2	1	1	0	1
"rs6509825"	2	1	2	1	1	1	0	1	1	1	1	1	0	1	0
"rs3817"	0	2	2	1	1	1	0	1	1	1	0	0	1	2	0
"rs7254596"	1	0	0	1	1	0	2	1	0	0	0	0	0	2	1
"rs349030"	1	1	0	1	1	0	1	0	2	1	2	2	0	1	1
"rs7259340"	1	1	1	0	2	0	1	1	2	1	0	1	2	0	1
"rs11668247"	1	1	1	0	2	0	1	1	2	1	0	1	2	0	1
"rs1049739"	0	0	0	1	0	1	1	1	1	1	1	1	0	1	2
"rs7249809"	0	0	0	0	1	1	1	2	0	2	1	1	1	1	1
"rs10416363"	2	0	1	1	0	2	0	1	1	1	2	1	0	1	0
"rs756783"	0	2	1	1	1	0	0	1	0	0	1	2	1	2	1
"rs433226"	1	0	0	1	1	1	0	1	1	1	2	2	1	0	1
"rs3848527"	0	0	0	0	1	2	0	1	0	0	0	1	1	0	0
"rs344770"	1	0	1	0	0	0	0	0	0	0	2	0	0	2	2
"rs1044250"	1	2	0	2	0	0	2	1	1	0	0	0	1	0	2
"rs2599437"	1	0	1	1	0	1	1	0	1	1	0	1	2	1	1
"rs1870068"	0	1	0	1	0	0	1	0	2	0	0	0	0	2	1
"rs346043"	1	0	1	1	0	1	0	0	0	1	2	0	0	2	1
"rs8103080"	0	2	1	0	2	2	1	0	1	1	0	2	0	0	1
"rs511654"	1	0	2	1	0	1	0	1	0	1	2	1	1	0	1
"rs11673516"	0	1	1	1	0	1	1	1	0	0	0	1	2	1	0
"rs10426528"	0	1	1	0	0	0	1	0	2	1	2	2	0	1	1
"rs12609605"	0	0	2	0	0	1	1	0	1	0	1	1	1	2	1
"rs400058"	2	0	1	1	1	1	1	1	1	1	0	0	1	0	0
"rs12608998"	0	2	1	1	0	0	0	2	1	0	0	0	1	0	2
"rs8105402"	0	2	1	1	0	0	0	2	1	0	0	0	1	0	2
"rs6510699"	0	2	1	1	0	0	0	2	1	0	0	0	1	0	2
"rs7008"	0	2	1	1	0	0	0	2	1	0	0	0	1	0	2
"rs2238614"	0	2	1	1	0	0	0	2	1	0	0	0	1	0	2
"rs8101456"	0	2	1	1	0	0	0	2	1	0	0	0	1	0	2
"rs1860938"	0	2	1	1	0	0	0	2	1	0	0	0	1	0	2
"rs3745814"	0	2	1	1	0	0	0	2	1	0	0	0	1	0	2
"rs4807325"	0	2	1	1	0	0	0	2	1	0	0	0	1	0	2
"rs2110118"	0	2	1	1	0	0	0	2	1	0	0	0	1	0	2
"rs4807330"	0	2	1	1	0	0	0	2	1	0	0	0	1	0	2
"rs1640262"	0	2	1	1	0	0	0	2	1	0	0	0	1	0	2
"rs878893"	0	2	1	1	0	0	0	2	1	0	0	0	1	0	2
"rs1736188"	0	2	1	1	0	0	0	2	1	0	0	0	1	0	2
"rs1736192"	0	2	1	1	0	0	0	2	1	0	0	0	1	0	2
"rs2599472"	0	0	0	2	1	0	0	1	0	1	1	0	1	0	1
"rs3760982"	0	1	1	0	0	0	2	0	2	1	2	2	0	1	1
"rs11665924"	0	1	1	0	0	0	2	0	2	1	2	2	0	1	1
"rs10421887"	0	1	1	0	0	0	2	0	2	1	2	2	0	1	1
"rs4511641"	0	0	1	1	1	1	0	2	0	1	2	1	0	2	2
"rs4625825"	0	0	1	1	1	1	0	2	0	1	2	1	0	2	2
"rs4806155"	1	2	2	0	0	2	0	1	2	0	2	2	1	0	0
"rs7254601"	2	0	1	0	1	0	1	1	1	2	0	0	1	0	0
"rs28633929"	2	0	1	0	1	0	1	1	1	2	0	0	1	0	0
"rs35729071"	2	0	1	0	1	0	1	1	1	2	0	0	1	0	0
"rs8106959"	2	0	1	0	1	0	1	1	1	2	0	0	1	0	0
"rs2247798"	0	0	0	2	1	0	0	1	0	1	1	0	0	0	1
"rs11666579"	1	0	2	1	1	2	1	0	0	1	2	0	1	2	1
"rs3826700"	0	0	1	1	1	0	2	0	2	1	2	1	1	1	2
"rs17533945"	0	1	1	1	1	2	0	2	0	2	1	2	1	0	0
"rs2880937"	0	0	1	0	0	0	0	2	0	2	1	1	1	0	0
"rs308049"	0	0	0	1	2	0	1	1	0	0	2	1	1	1	0
"rs423232"	1	2	1	1	1	0	1	2	1	1	1	0	1	0	1
"rs4806893"	1	2	1	1	1	0	1	2	1	1	1	0	1	0	1
"rs7252598"	0	2	1	0	0	0	0	2	1	0	1	0	0	0	1
"rs238419"	0	1	1	0	1	1	0	0	0	1	0	0	1	2	1
"rs238416"	0	1	1	0	1	1	0	0	0	1	0	0	1	2	1
"rs1860149"	0	2	2	1	1	1	1	1	1	1	0	0	1	2	0
"rs8101466"	2	0	1	1	1	0	2	1	1	0	1	1	0	1	0
"rs3046"	1	0	0	1	1	1	1	1	1	1	2	2	1	0	2
"rs4802188"	1	0	0	1	1	1	1	1	1	1	2	2	1	0	2
"rs12162233"	2	0	0	1	1	0	1	1	0	1	0	1	0	2	1
"rs4806891"	2	2	0	2	0	0	0	0	0	0	0	1	1	1	0
"rs7248564"	0	0	1	0	1	1	1	2	0	0	0	1	1	1	0
"rs11668758"	1	1	0	0	0	2	1	0	0	0	1	0	0	1	0
"rs2075620"	1	1	0	0	0	2	1	0	0	0	1	0	0	1	0
"rs3786514"	1	1	1	0	0	1	1	0	2	1	1	1	2	0	1
"rs3786515"	1	1	1	0	0	1	1	0	2	1	1	1	2	0	1
"rs16979873"	0	0	0	0	0	0	0	0	0	1	1	1	0	2	1
"rs405697"	0	0	1	0	0	1	1	1	0	0	1	0	2	0	0
"rs12709889"	1	1	0	0	0	2	1	0	0	0	0	0	0	1	0
"rs8104290"	0	1	1	1	0	0	2	0	2	1	2	2	0	1	1
"rs1050054"	0	1	1	1	0	0	2	0	2	1	2	2	0	1	1
"rs12977303"	0	1	1	1	0	0	2	0	2	1	2	2	0	1	1
"rs1978723"	0	1	1	1	0	0	2	0	2	1	2	2	0	1	1
"rs429027"	0	1	1	1	0	0	2	0	2	1	2	2	0	1	1
"rs432454"	0	1	1	1	0	0	2	0	2	1	2	2	0	1	1
"rs397913"	0	1	1	1	0	0	2	0	2	1	2	2	0	1	1
"rs368089"	0	1	1	1	0	0	2	0	2	1	2	2	0	1	1
"rs396973"	0	1	1	1	0	0	2	0	2	1	2	2	0	1	1
"rs436249"	0	1	1	1	0	0	2	0	2	1	2	2	0	1	1
"rs430308"	0	1	1	1	0	0	2	0	2	1	2	2	0	1	1
"rs417400"	0	1	1	1	0	0	2	0	2	1	2	2	0	1	1
"rs423765"	0	1	1	1	0	0	2	0	2	1	2	2	0	1	1
"rs417699"	0	1	1	1	0	0	2	0	2	1	2	2	0	1	1
"rs407731"	0	1	1	1	0	0	2	0	2	1	2	2	0	1	1
"rs425221"	0	1	1	1	0	0	2	0	2	1	2	2	0	1	1
"rs388685"	0	1	1	1	0	0	2	0	2	1	2	2	0	1	1
"rs388706"	0	1	1	1	0	0	2	0	2	1	2	2	0	1	1
"rs399098"	0	1	1	1	0	0	2	0	2	1	2	2	0	1	1
"rs423752"	0	1	1	1	0	0	2	0	2	1	2	2	0	1	1
"rs384329"	0	1	1	1	0	0	2	0	2	1	2	2	0	1	1
"rs413093"	0	1	1	1	0	0	2	0	2	1	2	2	0	1	1
"rs411803"	0	1	1	1	0	0	2	0	2	1	2	2	0	1	1
"rs344772"	1	0	1	0	1	1	2	0	1	1	0	1	1	0	0
"rs12459634"	2	0	1	0	0	0	1	1	1	2	0	0	1	0	0
"rs2871921"	2	0	1	0	0	0	1	1	1	2	0	0	1	0	0
"rs2301284"	0	0	0	1	1	2	0	1	0	1	1	1	0	2	1
"rs16970276"	1	2	0	1	1	1	1	1	1	1	1	1	1	0	0
"rs12986261"	1	2	0	1	1	1	1	1	1	1	1	1	1	0	0
"rs12978242"	1	2	0	1	1	1	1	1	1	1	1	1	1	0	0
"rs346044"	0	0	0	1	0	1	0	0	0	1	1	0	0	1	1
"rs459247"	2	0	2	1	1	0	2	1	1	0	1	1	0	1	0
"rs1055099"	1	0	1	2	0	1	1	0	1	2	2	1	1	1	0
"rs2865851"	0	1	0	2	1	1	1	0	2	0	0	1	1	1	0
"rs35339599"	0	0	1	1	1	0	1	0	2	1	2	1	1	1	2
"rs11666309"	0	0	1	1	1	0	1	0	2	1	2	1	1	1	2
"rs8103476"	1	2	0	1	1	1	1	1	2	1	1	2	1	0	0
"rs4803823"	0	0	0	0	2	0	0	0	1	0	1	1	0	0	1
"rs11666324"	1	0	2	0	1	1	0	0	1	1	2	0	1	1	0
"rs4808646"	1	0	2	0	1	1	0	0	1	1	2	0	1	1	0
"rs8113725"	1	0	2	0	1	1	0	0	1	1	2	0	1	1	0
"rs8100064"	1	0	2	0	1	2	0	0	1	1	2	0	1	2	1
"rs4289098"	0	1	0	0	1	1	1	0	0	2	0	0	0	1	1
"rs11665774"	1	0	2	0	1	2	1	0	1	1	2	0	1	2	1
"rs12459992"	0	0	1	0	0	1	0	1	2	0	1	2	0	0	0
"rs7255107"	0	0	1	0	0	1	0	1	2	0	1	2	0	0	0
"rs9749510"	0	0	1	0	0	1	0	1	2	0	1	2	0	0	0
"rs239943"	0	1	1	0	0	0	2	0	2	1	2	2	0	1	1
"rs171238"	0	1	1	0	0	0	2	0	2	1	2	2	0	1	1
"rs239938"	0	1	1	0	0	0	2	0	2	1	2	2	0	1	1
"rs1073653"	0	1	1	0	0	0	2	0	2	1	2	2	0	1	1
"rs8111372"	0	1	0	0	1	0	1	0	0	1	0	0	0	1	1
"rs1610062"	0	2	1	1	1	0	1	1	2	0	1	0	1	1	2
"rs2288464"	1	1	0	0	0	1	0	2	0	0	0	0	0	1	0
"rs50871"	1	1	1	0	0	0	1	1	2	0	0	1	2	1	1
"rs4803640"	1	0	0	1	2	1	0	1	1	1	1	0	0	1	0
"rs11672038"	1	1	0	0	1	0	1	0	0	1	0	0	2	2	2
"rs9676419"	1	1	0	0	0	1	0	1	0	1	0	0	2	1	0
"rs4806173"	0	0	0	0	1	2	2	1	0	0	2	1	1	2	0
"rs7599"	0	0	0	0	1	2	2	1	0	0	2	1	1	2	0
"rs8109448"	0	0	1	0	1	0	0	2	1	0	0	0	1	0	0
"rs12052065"	2	0	1	2	1	0	1	0	0	0	0	0	1	0	1
"rs36258"	2	1	1	1	1	1	0	1	1	1	0	2	1	0	1
"rs8109124"	0	1	0	1	0	1	0	0	0	0	0	0	1	1	2
"rs7252448"	0	1	0	1	2	1	0	0	2	1	1	0	0	1	1
"rs4251831"	1	0	1	0	0	0	0	0	0	0	1	0	0	1	2
"rs8100241"	1	1	1	1	1	1	1	1	0	2	1	0	2	0	0
"rs2363956"	1	1	1	1	1	1	1	1	0	2	1	0	2	0	0
"rs11668840"	1	1	1	1	1	1	1	1	0	2	1	0	2	0	0
"rs3859501"	1	1	0	1	0	2	0	1	1	1	2	1	0	2	0
"rs7259798"	1	0	0	1	2	0	0	1	1	0	0	0	0	0	0
"rs1548079"	1	0	0	1	2	0	0	1	1	0	0	0	0	0	0
"rs9676600"	1	0	0	1	2	0	0	1	1	0	0	0	0	0	0
"rs2305754"	1	0	0	1	2	0	0	1	1	0	0	0	0	0	0
"rs7259348"	1	0	0	1	2	0	0	1	1	0	0	0	0	0	0
"rs7507441"	1	0	0	1	2	0	0	1	1	0	0	0	0	0	0
"rs8109466"	1	0	0	1	2	0	0	1	1	0	0	0	0	0	0
"rs8111636"	1	0	0	1	2	0	0	1	1	0	0	0	0	0	0
"rs681198"	0	2	1	0	1	2	0	0	1	2	1	1	2	1	1
"rs2283628"	0	1	0	0	0	0	1	1	1	1	0	0	1	0	1
"rs4806187"	0	2	1	0	0	1	0	1	0	0	2	2	1	2	1
"rs1104737"	0	0	2	2	0	1	0	0	1	1	0	1	0	1	0
"rs107068"	0	2	1	1	0	1	0	1	0	0	2	2	1	2	0
"rs231592"	0	2	1	1	0	1	0	1	0	0	2	2	1	2	0
"rs2242522"	0	2	1	1	0	1	0	1	0	0	2	2	1	2	0
"rs2288542"	1	1	1	0	0	1	1	0	2	2	1	2	2	0	1
"rs10408461"	0	1	0	1	0	0	1	0	2	1	2	2	0	1	1
"rs10500286"	0	1	0	1	0	0	1	0	2	1	2	2	0	1	1
"rs10415344"	0	1	0	1	0	0	1	0	2	1	2	2	0	1	1
"rs10421861"	0	1	0	1	0	0	1	0	2	1	2	2	0	1	1
"rs1061769"	0	1	0	1	0	0	1	0	2	1	2	2	0	1	1
"rs2883946"	0	1	0	1	0	0	1	0	2	1	2	2	0	1	1
"rs239948"	0	1	0	1	0	0	1	0	2	1	2	2	0	1	1
"rs892031"	1	1	1	0	0	0	1	0	0	0	2	0	1	0	1
"rs2682597"	0	1	0	0	1	0	0	1	0	1	0	1	1	0	0
"rs2865857"	0	1	0	2	1	2	1	1	2	0	0	2	1	1	0
"rs2279008"	1	1	1	1	0	1	1	2	0	2	0	1	1	0	0
"rs2279007"	1	1	1	1	0	1	1	2	0	2	0	1	1	0	0
"rs7254165"	0	0	2	1	1	2	1	0	1	1	1	2	0	1	0
"rs454006"	0	1	0	0	1	0	0	0	0	1	1	2	1	1	1
"rs307952"	0	1	0	0	1	0	0	0	0	1	1	2	1	1	1
"rs11667088"	0	1	2	1	0	1	0	1	1	2	1	0	0	2	0
"rs12463159"	1	1	0	0	0	0	0	1	0	1	1	0	2	1	1
"rs4806481"	2	0	1	1	0	1	1	1	2	0	0	1	0	0	0
"rs941410"	1	2	1	0	0	0	0	2	1	0	1	0	1	0	2
"rs1736176"	1	2	1	0	0	0	0	2	1	0	1	0	1	0	2
"rs759068"	1	2	1	0	0	0	0	2	1	0	1	0	1	0	2
"rs1736180"	1	2	1	0	0	0	0	2	1	0	1	0	1	0	2
"rs1736182"	1	2	1	0	0	0	0	2	1	0	1	0	1	0	2
"rs1640271"	1	2	1	0	0	0	0	2	1	0	1	0	1	0	2
"rs1640273"	1	2	1	0	0	0	0	2	1	0	1	0	1	0	2
"rs941406"	1	2	1	0	0	0	0	2	1	0	1	0	1	0	2
"rs2537855"	1	2	1	0	0	0	0	2	1	0	1	0	1	0	2
"rs941407"	1	2	1	0	0	0	0	2	1	0	1	0	1	0	2
"rs941408"	1	2	1	0	0	0	0	2	1	0	1	0	1	0	2
"rs1736189"	1	2	1	0	0	0	0	2	1	0	1	0	1	0	2
"rs2306801"	1	1	1	0	0	0	0	0	1	0	1	0	0	1	0
"rs171140"	1	1	1	0	0	1	0	1	0	0	0	0	2	1	1
"rs238404"	1	1	1	0	0	1	0	1	0	0	0	0	2	1	1
"rs238406"	1	1	1	0	0	1	0	1	0	0	0	0	2	1	1
"rs1618536"	1	1	1	0	0	1	0	1	0	0	0	0	2	1	1
"rs1035872"	0	2	0	2	0	1	1	1	1	1	0	0	0	0	0
"rs899208"	2	0	0	2	1	0	1	1	0	1	0	1	0	2	1
"rs2086149"	1	1	0	0	1	0	2	0	0	0	0	0	2	1	2
"rs987021"	2	1	0	0	1	0	1	2	1	1	1	0	2	1	0
"rs10413288"	2	1	0	0	1	0	1	2	1	1	1	0	2	1	0
"rs2285513"	1	0	0	0	1	2	2	1	0	0	2	1	1	2	0
"rs11667918"	0	1	0	0	0	0	0	0	2	0	1	0	0	2	1
"rs10422762"	0	2	1	1	0	1	0	1	0	0	2	2	1	2	1
"rs12973643"	2	0	1	0	0	2	2	0	1	0	1	0	0	2	0
"rs4580307"	1	1	1	1	1	1	0	2	0	1	1	0	0	0	0
"rs3786623"	2	2	0	2	1	0	2	1	1	0	0	0	2	0	2
"rs7409035"	1	2	0	2	0	0	1	1	0	0	0	0	1	0	2
"rs2682582"	1	0	1	1	0	1	1	0	0	1	0	1	1	1	0
"rs11670375"	0	0	1	0	0	1	1	0	0	1	0	0	0	1	1
"rs238417"	0	1	1	1	1	1	0	0	0	2	0	0	1	2	1
"rs3745406"	0	1	2	0	1	2	1	1	2	1	0	0	1	1	1
"rs3745405"	0	1	2	0	1	2	1	1	2	1	0	0	1	1	1
"rs308037"	0	0	1	0	0	0	0	2	1	1	0	1	0	2	0
"rs6510704"	1	0	0	1	1	2	0	1	0	1	1	1	1	0	0
"rs8102063"	1	0	0	1	1	2	0	1	0	1	1	1	1	0	0
"rs11880407"	1	0	0	1	1	2	0	1	0	1	1	1	1	0	0
"rs397374"	0	1	0	1	0	1	1	0	1	1	0	0	1	1	0
"rs7260359"	1	1	0	2	0	1	2	1	1	1	1	2	0	1	0
"rs4239594"	1	0	1	0	0	1	2	0	1	1	1	1	0	0	0
"rs10853766"	2	1	2	0	1	0	1	1	1	1	1	1	0	0	0
"rs7259285"	1	1	1	1	2	0	1	1	1	0	0	0	0	1	0
"rs2305756"	1	1	1	1	2	0	1	1	1	0	0	0	0	1	0
"rs7253742"	1	1	1	1	2	0	1	1	1	0	0	0	0	1	0
"rs3816550"	1	1	1	1	2	0	1	1	1	0	0	0	0	1	0
"rs7254154"	1	1	1	1	2	0	1	1	1	0	0	0	0	1	0
"rs1979261"	1	1	1	1	2	0	1	1	1	0	0	0	0	1	0
"rs1979260"	1	1	1	1	2	0	1	1	1	0	0	0	0	1	0
"rs11671858"	1	1	1	1	2	0	1	1	1	0	0	0	0	1	0
"rs10416763"	1	1	1	1	1	1	0	2	0	1	1	0	0	1	1
"rs8104875"	1	1	1	1	1	1	0	2	0	1	1	0	0	1	1
"rs8101766"	1	0	0	0	1	1	2	0	0	1	1	0	0	1	0
"rs2286756"	1	0	0	2	2	1	2	1	1	0	1	1	1	1	0
"rs11084993"	0	0	0	1	0	1	0	2	0	1	0	1	0	1	1
"rs1132899"	0	1	2	1	1	0	1	2	1	2	0	1	2	0	0
"rs2288918"	1	1	0	2	2	2	2	1	0	1	1	1	1	0	0
"rs6509177"	1	1	0	2	2	2	2	1	0	1	1	1	1	0	0
"rs7247467"	0	0	0	0	0	0	1	1	2	0	0	1	0	1	0
"rs4807405"	0	2	1	1	0	0	1	1	2	0	0	1	1	1	1
"rs2854510"	0	0	0	1	0	1	2	0	0	0	1	0	1	0	0
"rs10423679"	0	1	1	0	0	1	0	1	0	1	0	0	1	0	1
"rs10421636"	0	1	1	0	0	1	0	1	0	1	0	0	1	0	1
"rs11672344"	0	1	1	0	0	1	0	1	0	1	0	0	1	0	1
"rs11673332"	0	1	1	0	0	1	0	1	0	1	0	0	1	0	1
"rs1573611"	0	2	2	2	1	1	1	1	0	1	1	0	1	0	1
"rs1688128"	0	0	0	1	0	1	1	2	0	2	0	1	0	1	1
"rs1029845"	1	0	1	1	1	0	1	1	2	0	1	0	0	1	2
"rs8100988"	1	0	1	1	1	0	1	1	2	0	1	0	0	1	2
"rs7252391"	2	0	1	1	1	0	1	0	1	1	0	2	1	0	0
"rs493839"	1	0	1	1	1	1	0	0	0	1	1	2	1	1	0
"rs7256951"	0	1	1	1	0	2	1	1	0	0	0	1	2	0	1
"rs6509224"	0	1	1	1	0	2	1	1	0	0	0	1	2	0	1
"rs2238625"	2	1	0	0	0	0	0	2	2	0	0	1	1	1	2
"rs6512171"	2	0	1	1	1	0	1	0	0	0	0	0	1	0	1
"rs411386"	1	1	1	0	0	0	0	1	2	1	0	1	1	1	2
"rs1688123"	1	1	1	0	0	0	0	1	2	1	0	1	1	1	2
"rs11669207"	1	1	1	1	1	1	0	2	0	1	1	0	0	0	1
"rs11882238"	1	2	1	1	0	0	0	1	1	0	0	1	1	0	1
"rs17638427"	1	2	1	1	0	0	0	1	1	0	0	1	1	0	1
"rs11672894"	1	0	0	2	0	1	2	1	1	1	1	1	0	1	0
"rs11672923"	1	0	0	2	0	1	2	1	1	1	1	1	0	1	0
"rs8111989"	1	0	0	2	0	1	2	1	1	1	1	1	0	1	0
"rs7260463"	1	0	0	2	0	1	2	1	1	1	1	1	0	1	0
"rs7254359"	0	2	0	0	1	2	1	0	2	0	1	1	0	2	1
"rs3916874"	2	1	0	0	0	0	0	1	0	0	1	0	1	0	1
"rs2305767"	1	1	1	0	0	0	1	0	2	1	1	1	1	0	1
"rs4808072"	1	1	1	0	0	0	1	0	2	1	1	1	1	0	1
"rs10423719"	1	0	1	0	0	0	1	1	1	2	2	1	2	1	2
"rs3745348"	1	0	1	0	0	0	1	1	1	2	2	1	2	1	2
"rs11666569"	1	0	1	0	0	0	1	1	1	2	2	1	2	1	2
"rs11672982"	1	1	0	1	0	1	1	2	2	0	1	0	0	1	0
"rs7257945"	1	1	0	1	0	1	1	2	2	0	1	0	0	1	0
"rs2277987"	1	0	2	1	1	2	0	1	0	1	2	1	1	0	0
"rs3213282"	0	1	0	1	2	2	1	1	0	1	1	0	2	1	0
"rs346047"	0	1	0	2	0	1	0	1	0	0	0	1	0	0	0
"rs12150883"	0	2	1	0	1	2	0	1	0	1	2	0	1	0	0
"rs12971516"	1	0	1	1	2	0	0	0	0	1	0	1	1	1	1
"rs2293693"	1	0	2	1	0	2	2	1	0	0	2	0	2	0	1
"rs2293695"	1	0	2	1	0	2	2	1	0	0	2	0	2	0	1
"rs3813779"	1	1	0	0	1	1	1	0	0	2	0	0	2	2	2
"rs2375592"	1	0	1	2	1	2	0	0	0	1	1	1	2	1	1
"rs17207272"	0	0	1	1	0	0	0	0	1	2	1	0	0	1	0
"rs11878489"	1	1	0	1	0	1	1	1	2	0	1	0	0	0	0
"rs11666431"	0	0	1	0	1	2	1	2	0	1	2	0	1	1	0
"rs10775622"	1	1	1	2	2	1	2	1	2	0	0	0	0	1	0
"rs1558360"	0	2	0	0	1	0	2	1	2	1	0	1	0	1	0
"rs8103851"	2	1	0	2	1	0	1	1	0	1	2	2	1	1	0
"rs12976518"	1	1	0	2	0	2	1	1	2	1	1	0	1	1	1
"rs739453"	1	0	1	1	0	1	1	1	2	1	0	0	1	0	1
"rs10409969"	1	1	0	1	0	0	1	1	0	0	0	0	1	0	2
"rs2303180"	1	1	0	1	0	0	1	1	0	0	0	0	1	0	2
"rs2013994"	0	0	0	0	1	1	1	1	1	2	1	0	1	1	1
"rs2240672"	0	1	0	0	0	1	0	1	1	0	0	0	1	0	1
"rs12610448"	1	1	0	1	0	0	2	1	1	0	0	1	1	0	2
"rs8103186"	1	0	0	0	0	1	0	1	1	0	1	1	0	0	0
"rs344781"	0	0	0	0	1	1	2	0	1	1	0	0	0	0	0
"rs344776"	0	0	0	0	1	1	2	0	1	1	0	0	0	0	0
"rs344774"	0	0	0	0	1	1	2	0	1	1	0	0	0	0	0
"rs4804305"	1	2	0	1	0	0	2	0	1	0	0	2	1	0	2
"rs3786507"	0	0	0	2	2	1	2	1	0	1	0	1	1	1	1
"rs1009644"	0	0	0	2	2	1	2	1	0	1	0	1	1	1	1
"rs11667945"	2	0	2	0	1	1	0	0	0	1	2	0	1	2	0
"rs28555639"	1	0	0	1	1	0	2	0	0	0	0	0	0	1	0
"rs12984019"	0	2	0	1	1	1	1	2	1	0	0	1	0	1	1
"rs889180"	0	1	1	1	1	1	0	2	0	1	0	0	0	2	0
"rs2396105"	0	1	1	1	1	1	0	2	0	1	0	0	0	2	0
"rs3745157"	0	0	0	1	1	1	0	2	0	0	0	1	1	0	0
"rs12984180"	0	0	0	1	1	1	0	2	0	0	0	1	1	0	0
"rs7251736"	0	0	0	1	1	1	0	2	0	0	0	1	1	0	0
"rs8109620"	0	0	0	1	1	1	0	2	0	0	0	1	1	0	0
"rs4806178"	1	0	1	0	1	1	2	0	0	1	1	0	0	1	0
"rs4805131"	1	0	1	0	1	1	2	0	0	1	1	0	0	1	0
"rs12610476"	0	0	2	1	0	1	0	0	0	0	2	1	1	0	1
"rs4061136"	2	0	0	2	0	0	1	1	1	1	2	0	1	1	1
"rs4807359"	2	0	0	2	0	0	1	1	1	1	2	0	1	1	1
"rs11084972"	2	0	0	2	0	0	1	1	1	1	2	0	1	1	1
"rs2288958"	2	0	0	2	0	0	1	1	1	1	2	0	1	1	1
"rs10426690"	2	0	0	2	0	0	1	1	1	1	2	0	1	1	1
"rs4805127"	0	1	1	1	1	0	1	0	2	2	1	2	0	1	2
"rs11882865"	0	0	0	0	0	0	1	1	2	1	0	1	0	1	0
"rs4803160"	0	0	2	1	0	2	1	1	2	1	0	2	1	1	1
"rs4807391"	0	2	1	0	0	0	1	0	1	1	1	0	1	0	1
"rs576804"	1	2	0	1	0	2	0	2	0	0	1	1	1	0	0
"rs12608710"	0	1	0	1	2	1	0	0	2	0	1	0	0	0	1
"rs8106922"	0	1	1	1	2	1	0	1	1	2	0	2	0	0	0
"rs8109084"	0	0	0	0	1	1	1	1	2	0	1	1	1	2	2
"rs2433724"	1	0	2	1	0	0	1	0	1	2	2	0	1	1	0
"rs4803169"	1	2	1	0	1	0	1	0	1	1	0	0	1	1	2
"rs1402326"	0	1	1	1	1	0	1	1	1	0	0	0	0	0	0
"rs1402325"	0	1	1	1	1	0	1	1	1	0	0	0	0	0	0
"rs2302421"	0	1	1	1	1	0	1	1	1	0	0	0	0	0	0
"rs3746002"	0	1	1	1	1	0	1	1	1	0	0	0	0	0	0
"rs7246865"	1	0	1	0	0	0	1	1	1	0	2	1	1	1	2
"rs10410294"	1	0	1	1	0	1	0	1	2	1	0	0	1	0	1
"rs7253856"	1	0	0	0	2	1	0	1	0	0	0	0	0	1	0
"rs12980205"	1	0	0	0	2	1	0	1	0	0	0	0	0	1	0
"rs12980646"	1	0	0	0	2	1	0	1	0	0	0	0	0	1	0
"rs4802183"	1	0	0	0	2	1	0	1	0	0	0	0	0	1	0
"rs12973764"	1	0	0	0	2	1	0	1	0	0	0	0	0	1	0
"rs4802185"	1	0	0	0	2	1	0	1	0	0	0	0	0	1	0
"rs2102954"	1	0	0	0	2	1	0	1	0	0	0	0	0	1	0
"rs10445572"	1	0	0	2	0	2	1	1	2	1	1	1	1	1	1
"rs2075649"	0	1	1	1	2	0	0	2	1	2	0	2	0	0	1
"rs2303680"	1	1	1	0	0	1	1	0	2	0	0	1	1	0	1
"rs12460407"	1	0	2	0	0	1	0	0	1	2	0	0	0	0	0
"rs12981145"	1	0	0	2	0	2	1	1	2	1	1	0	1	1	1
"rs2163842"	0	0	0	2	2	1	2	1	0	1	1	1	1	1	1
"rs2304195"	0	0	0	2	2	1	2	1	0	1	1	1	1	1	1
"rs12974182"	0	0	0	2	2	1	2	1	0	1	1	1	1	1	1
"rs7259567"	0	0	0	2	2	1	2	1	0	1	1	1	1	1	1
"rs10445571"	0	0	0	2	2	1	2	1	0	1	1	1	1	1	1
"rs4802246"	0	0	0	2	2	1	2	1	0	0	0	1	1	1	1
"rs345409"	0	1	0	0	0	1	0	1	1	0	0	1	1	0	1
"rs16970487"	0	1	1	1	1	0	0	0	1	2	1	1	0	1	1
"rs8105647"	2	0	1	1	1	0	1	0	0	1	0	2	1	0	0
"rs2682592"	0	0	0	1	1	0	0	1	0	1	1	0	1	0	1
"rs12975322"	1	0	2	0	0	1	0	0	1	1	0	0	0	0	0
"rs8108116"	0	0	0	1	1	0	0	1	0	1	0	2	0	1	1
"rs4808069"	1	2	1	2	1	1	1	0	1	0	0	1	1	0	0
"rs3848526"	2	1	0	2	1	2	1	1	1	0	1	1	1	1	0
"rs4802189"	0	0	1	1	1	0	1	0	0	1	0	0	1	0	0
"rs10411518"	1	1	1	1	1	1	1	1	0	1	0	0	1	1	1
"rs10415949"	0	0	1	1	1	1	0	1	0	0	1	1	0	0	1
"rs1799786"	0	0	0	1	2	1	2	0	1	1	1	2	0	1	0
"rs346532"	0	0	2	1	0	1	2	0	0	0	1	1	1	0	0
"rs346535"	0	0	2	1	0	1	2	0	0	0	1	1	1	0	0
"rs173202"	0	0	2	1	0	1	2	0	0	0	1	1	1	0	0
"rs346522"	0	0	2	1	0	1	2	0	0	0	1	1	1	0	0
"rs7251096"	0	2	1	1	1	1	1	1	0	1	0	0	1	0	0
"rs399725"	0	0	1	1	1	0	0	1	0	0	2	0	0	1	0
"rs7258249"	0	0	0	1	2	1	1	0	2	1	2	0	1	2	1
"rs1160985"	0	1	1	1	2	1	0	1	2	2	0	2	0	0	0
"rs769450"	0	1	1	1	2	1	0	1	2	2	0	2	0	0	0
"rs561"	0	1	0	1	0	0	1	0	1	1	0	0	0	1	1
"rs4147644"	0	1	0	1	0	0	1	0	1	1	0	0	0	1	1
"rs3760685"	0	1	0	1	0	0	1	0	1	1	0	0	0	1	1
"rs8113778"	0	1	1	0	0	2	0	0	2	0	1	1	1	0	0
"rs35912475"	1	1	2	1	0	0	1	1	1	1	1	1	2	0	0
"rs8101207"	2	1	0	1	0	1	1	2	2	0	1	0	0	1	0
"rs741103"	0	0	1	1	0	0	0	1	0	0	0	0	1	0	2
"rs674315"	0	1	1	1	0	1	0	1	2	0	1	2	1	0	0
"rs675257"	0	1	1	1	0	1	0	1	2	0	1	2	1	0	0
"rs2682563"	0	1	1	1	2	2	1	1	0	0	1	0	1	1	0
"rs2682556"	0	1	1	1	2	2	1	1	0	0	1	0	1	1	0
"rs762507"	0	1	1	1	2	2	1	1	0	0	1	0	1	1	0
"rs7256241"	2	1	2	2	0	1	0	0	0	1	1	1	1	2	1
"rs11668636"	1	1	1	0	0	0	0	1	2	1	0	0	0	1	0
"rs4804264"	0	1	0	2	1	1	0	2	1	0	2	2	0	1	0
"rs11666268"	0	1	0	2	1	1	0	2	1	0	2	2	0	1	0
"rs4804267"	0	1	0	2	1	1	0	2	1	0	2	2	0	1	0
"rs4527136"	0	1	0	2	1	1	0	2	1	0	2	2	0	1	0
"rs3813778"	0	1	0	2	1	1	0	2	1	0	2	2	0	1	0
"rs12327845"	0	1	0	2	1	1	0	2	1	0	2	2	0	1	0
"rs10422744"	0	2	0	1	2	2	2	1	1	1	1	1	0	0	0
"rs1125030"	0	0	0	1	0	0	0	0	2	1	1	0	1	0	1
"rs2682549"	0	0	0	1	0	0	0	0	2	1	1	0	1	0	1
"rs10419824"	0	1	1	0	1	1	0	0	0	0	1	0	2	0	1
"rs10417830"	0	1	1	0	1	1	0	0	0	0	1	0	2	0	1
"rs7248666"	0	1	1	0	1	1	0	0	0	0	1	0	2	0	1
"rs7253270"	0	1	1	1	1	1	0	0	0	0	1	0	2	0	0
"rs2967614"	1	0	1	0	2	2	0	0	0	2	2	1	1	1	0
"rs349045"	1	1	1	0	0	0	1	0	2	1	2	2	0	0	1
"rs349046"	1	1	1	0	0	0	1	0	2	1	2	2	0	0	1
"rs349047"	1	1	1	0	0	0	1	0	2	1	2	2	0	0	1
"rs349049"	1	1	1	0	0	0	1	0	2	1	2	2	0	0	1
"rs12610717"	0	0	0	1	0	0	0	0	1	1	2	0	0	0	1
"rs4330013"	0	0	0	1	0	0	0	0	1	1	2	0	0	0	1
"rs16979890"	0	0	0	0	1	1	0	0	0	2	1	0	0	1	2
"rs10425074"	1	2	0	0	1	1	2	0	2	0	0	0	0	1	2
"rs1005451"	1	2	0	0	1	1	2	0	2	0	0	0	0	1	2
"rs397276"	2	1	1	2	1	2	1	2	0	0	0	0	1	0	2
"rs12972417"	0	2	0	1	0	1	0	1	0	1	0	0	0	0	0
"rs8100011"	0	1	0	0	1	0	0	0	2	2	1	1	1	2	1
"rs11880216"	0	1	0	0	1	0	0	0	2	2	1	1	1	2	1
"rs8112614"	1	2	1	1	1	1	1	2	1	0	0	2	0	1	1
"rs1033330"	1	2	1	1	1	1	1	2	1	0	0	2	0	1	1
"rs12981130"	1	2	1	1	1	1	1	2	1	0	0	2	0	1	1
"rs7260197"	1	0	0	1	0	1	0	1	0	1	0	1	0	2	0
"rs11669663"	1	0	0	1	0	1	0	1	0	1	0	1	0	2	0
"rs4806703"	1	0	0	1	0	1	0	1	0	1	0	1	0	2	0
"rs346741"	1	1	2	0	2	0	0	1	0	1	1	2	1	1	1
"rs346742"	1	1	2	0	2	0	0	1	0	1	1	2	1	1	1
"rs885704"	0	2	1	0	0	0	1	0	0	1	0	1	1	1	0
"rs10411766"	2	2	0	1	1	2	0	1	0	1	1	1	2	0	0
"rs1054638"	1	0	1	1	0	0	0	1	1	0	0	0	0	1	1
"rs2158007"	1	1	0	1	1	0	0	1	2	2	0	1	0	1	1
"rs1793978"	0	1	1	2	1	1	2	1	1	1	1	2	0	0	0
"rs762506"	0	1	0	0	2	1	0	1	0	0	0	0	0	1	0
"rs2854509"	0	1	0	0	2	1	0	1	0	0	0	0	0	1	0
"rs2854508"	0	1	0	0	2	1	0	1	0	0	0	0	0	1	0
"rs2682585"	0	1	0	0	2	1	0	1	0	0	0	0	0	1	0
"rs2682586"	0	1	0	0	2	1	0	1	0	0	0	0	0	1	0
"rs4808657"	2	1	0	0	1	0	1	1	1	1	0	0	1	1	1
"rs462094"	0	1	0	1	0	2	0	0	1	1	1	1	0	1	1
"rs439401"	1	0	1	2	0	1	2	1	0	0	2	0	2	1	0
"rs584007"	1	0	1	2	0	1	2	1	0	0	2	0	2	1	0
"rs2116849"	1	1	1	1	0	1	0	0	0	0	0	1	1	0	1
"rs17705416"	0	0	1	0	0	1	0	0	0	0	1	0	2	0	1
"rs11880530"	0	0	1	0	0	1	0	0	0	0	1	0	2	0	1
"rs10414731"	0	0	1	0	0	1	0	0	0	0	1	0	2	0	1
"rs17705450"	0	0	1	0	0	1	0	0	0	0	1	0	2	0	1
"rs7976"	0	0	1	0	0	1	0	0	0	0	1	0	2	0	1
"rs17638216"	0	0	1	0	0	1	0	0	0	0	1	0	2	0	1
"rs9973222"	0	0	1	0	0	1	0	0	0	0	1	0	2	0	1
"rs344807"	1	1	2	0	2	0	0	1	0	1	1	0	1	1	1
"rs3745820"	0	0	1	0	0	0	0	1	0	1	1	0	0	1	1
"rs3855680"	0	2	1	0	2	2	1	1	1	1	0	2	0	1	1
"rs2159324"	0	0	0	0	2	1	1	1	0	0	0	1	1	1	1
"rs1688124"	0	1	2	2	1	0	1	2	1	0	2	1	0	2	0
"rs4802261"	1	1	0	1	1	0	0	0	2	0	1	1	0	0	0
"rs3826861"	1	1	0	1	1	0	0	0	2	0	1	1	0	0	0
"rs1433098"	1	1	0	1	1	0	0	0	2	0	1	1	0	0	0
"rs12979486"	1	1	0	1	1	0	0	0	2	0	1	1	0	0	0
"rs8108463"	1	1	0	1	1	0	0	0	2	0	1	1	0	0	0
"rs8107668"	1	2	0	1	1	2	0	1	0	1	1	1	2	0	0
"rs8107771"	1	2	0	1	1	2	0	1	0	1	1	1	2	0	0
"rs6509201"	0	1	1	0	0	1	2	0	1	1	0	1	1	0	1
"rs7248167"	1	0	0	0	2	1	0	1	0	0	0	0	1	1	0
"rs7258128"	0	1	1	0	1	2	0	0	2	1	1	2	0	1	2
"rs7250249"	0	0	1	1	0	0	0	0	1	1	1	1	0	1	0
"rs8113762"	1	1	1	2	1	0	1	0	2	1	1	0	0	0	2
"rs344802"	0	1	2	0	2	0	0	1	0	1	1	0	1	1	1
"rs344797"	0	1	2	0	2	0	0	1	0	1	1	0	1	1	1
"rs4884"	0	1	2	0	2	0	0	1	0	1	1	0	1	1	1
"rs1808656"	1	1	1	0	1	0	1	0	1	1	0	0	1	1	0
"rs12609936"	0	1	0	2	1	1	1	2	1	0	2	2	0	1	0
"rs754847"	1	1	1	1	0	2	1	0	2	1	0	1	1	0	1
"rs36253"	2	1	1	0	0	0	0	1	0	0	0	2	0	1	0
"rs8099924"	0	1	0	0	1	0	1	0	2	2	2	2	1	2	0
"rs6509179"	1	2	2	0	0	0	0	0	1	1	1	1	1	0	0
"rs7250924"	1	2	2	0	0	0	0	0	1	1	1	1	1	0	0
"rs10414406"	1	2	2	0	0	0	0	0	1	1	1	1	1	0	0
"rs6509181"	1	2	2	0	0	0	0	0	1	1	1	1	1	0	0
"rs9612"	0	0	1	1	0	1	2	0	0	0	1	1	1	0	0
"rs12669"	0	0	1	1	0	1	2	0	0	0	1	1	1	0	0
"rs2074634"	0	0	1	1	0	1	2	0	0	0	1	1	1	0	0
"rs346534"	0	0	1	1	0	1	2	0	0	0	1	1	1	0	0
"rs346544"	0	0	1	1	0	1	2	0	0	0	1	1	1	0	0
"rs346545"	0	0	1	1	0	1	2	0	0	0	1	1	1	0	0
"rs2277745"	0	0	1	1	0	1	2	0	0	0	1	1	1	0	0
"rs346527"	0	0	1	1	0	1	2	0	0	0	1	1	1	0	0
"rs346524"	0	0	1	1	0	1	2	0	0	0	1	1	1	0	0
"rs11351"	0	0	1	1	0	1	2	0	0	0	1	1	1	0	0
"rs3786954"	0	0	1	1	0	1	2	0	0	0	1	1	1	0	0
"rs4803164"	0	1	0	0	1	1	1	0	2	0	0	1	0	0	0
"rs10424046"	1	2	2	0	0	0	0	1	2	0	1	1	1	1	2
"rs369335"	2	1	1	1	0	0	0	2	0	1	1	0	1	0	1
"rs454421"	2	1	1	1	0	0	0	2	0	1	1	0	1	0	1
"rs7257450"	0	2	1	1	0	1	0	1	0	1	0	0	0	0	0
"rs11666306"	0	2	1	1	0	1	0	1	0	1	0	0	0	0	0
"rs3815904"	0	2	1	1	0	1	0	1	0	1	0	0	0	0	0
"rs8106139"	0	2	1	1	0	1	0	1	0	1	0	0	0	0	0
"rs10424129"	2	0	1	1	1	0	0	0	1	0	0	0	1	0	1
"rs7254488"	0	1	2	1	0	1	1	1	0	0	0	1	1	1	2
"rs3761093"	2	0	2	1	1	1	2	1	0	2	0	0	0	1	0
"rs3815783"	1	1	0	1	0	0	1	1	0	0	0	1	1	0	2
"rs7256533"	0	2	1	0	1	2	0	2	0	2	2	1	1	0	1
"rs349032"	0	1	0	1	0	0	1	0	2	1	2	2	0	0	1
"rs2682547"	2	0	0	1	2	2	1	1	0	1	1	1	1	1	0
"rs2854501"	0	1	1	0	2	1	0	1	0	0	0	0	0	1	0
"rs3213334"	0	1	1	0	2	1	0	1	0	0	0	0	0	1	0
"rs3815025"	0	2	2	1	1	1	0	0	1	1	1	1	2	0	2
"rs10415265"	0	0	1	0	1	2	1	0	1	1	0	2	0	1	0
"rs10420348"	0	0	1	0	1	2	1	0	1	1	0	2	0	1	0
"rs7254177"	0	0	1	0	1	2	1	0	1	1	0	2	0	1	0
"rs4808078"	0	0	0	1	1	1	1	1	0	1	2	0	1	0	0
"rs6510490"	1	1	1	1	1	2	2	0	0	0	2	0	2	0	1
"rs1007568"	1	1	1	1	1	2	2	0	0	0	2	0	2	0	1
"rs11881642"	0	1	0	0	1	0	0	0	2	2	2	1	1	2	0
"rs17356664"	1	1	0	1	0	1	2	0	1	1	1	0	0	1	0
"rs7253076"	0	1	1	0	1	1	0	1	0	0	1	1	2	1	1
"rs1264226"	1	1	1	1	1	0	1	0	2	0	1	1	0	0	0
"rs6509226"	2	0	1	1	0	1	2	1	0	1	1	1	1	1	1
"rs287127"	1	0	1	1	2	1	0	1	0	0	0	0	1	0	2
"rs8112209"	1	1	0	1	1	0	0	0	2	0	1	0	0	0	0
"rs10416177"	1	1	1	1	1	0	1	0	2	1	2	2	0	0	1
"rs11547806"	1	1	1	1	1	0	1	0	2	1	2	2	0	0	1
"rs36247"	1	1	1	1	1	1	0	1	1	1	0	2	0	1	1
"rs1799787"	0	0	0	1	1	1	2	0	2	0	1	2	0	0	0
"rs2967692"	0	0	1	0	0	1	0	0	1	1	0	0	0	1	1
"rs3816046"	1	0	0	1	1	1	0	0	2	0	1	0	0	0	0
"rs3213263"	0	1	0	1	2	2	2	1	0	0	1	0	1	1	0
"rs3213255"	0	1	0	1	2	2	2	1	0	0	1	0	1	1	0
"rs34661506"	1	0	0	0	0	0	0	0	0	1	1	1	1	1	0
"rs12980554"	1	0	0	0	0	0	0	0	0	1	1	1	1	1	0
"rs12985515"	1	0	0	0	0	0	0	0	0	1	1	1	1	1	0
"rs11672433"	1	0	0	0	0	0	0	0	0	1	1	1	1	1	0
"rs2334253"	1	0	0	1	1	1	0	0	2	1	1	1	0	1	0
"rs4806476"	1	2	0	1	0	0	2	1	0	2	1	0	1	0	1
"rs10411229"	1	2	0	1	0	0	2	1	0	2	1	0	1	0	1
"rs2079882"	1	2	2	1	0	0	1	1	1	1	0	1	1	2	1
"rs4806877"	1	2	2	1	0	0	1	1	1	1	0	1	1	2	1
"rs4806878"	1	2	2	1	0	0	1	1	1	1	0	1	1	2	1
"rs7250338"	1	2	2	1	0	0	1	1	1	1	0	1	1	2	1
"rs11084962"	1	2	2	1	0	0	1	1	1	1	0	1	1	2	1
"rs2114650"	1	0	1	1	0	0	1	0	1	2	2	0	1	1	0
"rs10451450"	1	1	1	1	1	1	0	1	0	2	0	1	0	2	1
"rs1133190"	0	1	2	1	1	0	0	1	1	2	0	1	1	1	1
"rs2260219"	0	0	0	1	0	0	0	0	2	1	2	1	1	0	2
"rs2865853"	0	0	0	0	1	0	1	1	0	1	1	0	1	0	1
"rs8111479"	0	2	1	0	1	0	0	0	0	1	0	1	1	0	0
"rs2356400"	1	1	2	1	1	1	1	1	0	1	0	0	1	1	1
"rs4805134"	2	0	2	0	1	1	2	1	0	2	0	0	0	1	0
"rs11084823"	1	0	1	0	1	0	0	1	0	2	0	1	0	0	1
"rs193933"	1	1	1	0	1	1	0	1	1	1	0	2	0	1	1
"rs2277741"	0	2	1	0	0	0	0	0	0	1	1	0	1	0	0
"rs3852861"	2	1	0	1	0	2	2	0	0	1	2	0	0	2	1
"rs36249"	0	1	0	1	1	0	1	0	1	1	2	0	1	1	1
"rs12985354"	2	1	0	0	1	1	2	1	1	1	0	1	0	0	0
"rs7256689"	1	0	1	0	1	0	1	0	1	0	1	1	1	0	1
"rs11667430"	0	2	1	0	0	1	2	0	2	1	0	1	1	0	1
"rs2972574"	1	1	1	0	1	2	0	1	0	0	2	2	0	0	0
"rs11084995"	2	0	1	1	1	0	0	2	2	0	1	0	1	1	0
"rs2107621"	0	1	1	1	0	1	2	0	0	0	2	1	1	0	0
"rs1994417"	0	1	0	1	0	1	1	1	0	0	0	1	0	0	0
"rs879142"	2	2	0	0	1	0	1	1	1	1	0	1	1	1	1
"rs11086076"	2	2	0	0	1	0	1	1	1	1	0	1	1	1	1
"rs8104468"	2	2	0	0	1	0	1	1	1	1	0	1	1	1	1
"rs1382354"	0	1	0	2	1	1	1	2	1	0	2	2	0	0	0
"rs17160333"	0	0	0	1	1	1	0	1	1	0	0	0	0	0	1
"rs157580"	1	0	1	1	0	1	2	0	0	0	2	0	2	0	0
"rs308054"	0	1	1	2	2	2	2	0	0	1	2	1	1	0	0
"rs308056"	0	1	1	2	2	2	2	0	0	1	2	1	1	0	0
"rs308063"	0	1	1	2	2	2	2	0	0	1	2	1	1	0	0
"rs415647"	0	1	1	2	2	2	2	0	0	1	2	1	1	0	0
"rs2241590"	1	0	1	1	1	0	1	1	1	1	0	0	2	1	1
"rs2098088"	1	2	2	0	2	0	0	1	0	1	1	0	1	1	1
"rs2733737"	0	0	0	0	1	2	2	2	0	0	2	1	1	2	0
"rs2733739"	0	0	0	0	1	2	2	2	0	0	2	1	1	2	0
"rs8106239"	1	0	1	1	0	0	0	1	0	1	0	0	1	0	1
"rs1001581"	2	0	1	0	0	0	0	1	1	1	1	0	0	1	1
"rs12609437"	1	0	2	1	0	1	0	0	0	1	2	1	1	0	0
"rs8113556"	0	0	0	1	1	1	1	1	1	1	0	1	1	1	0
"rs2599442"	1	0	0	1	0	1	1	0	0	1	1	1	1	0	0
"rs4808583"	1	0	1	0	1	0	0	0	1	0	1	1	1	0	1
"rs1078000"	0	0	1	2	1	2	0	1	1	1	1	1	1	1	1
"rs8102140"	0	0	1	2	1	2	0	1	1	1	1	1	1	1	1
"rs4450527"	0	0	1	2	1	2	0	1	1	1	1	1	1	1	1
"rs6743"	0	0	1	2	1	2	0	1	1	1	1	1	1	1	1
"rs3814983"	0	0	0	1	0	1	0	0	2	0	0	0	1	0	1
"rs2285413"	0	0	0	1	0	1	0	0	2	0	0	0	1	0	1
"rs1989801"	0	0	0	1	0	1	0	0	2	0	0	0	1	0	1
"rs123187"	0	0	1	1	1	1	2	1	1	1	1	2	0	0	0
"rs4808611"	1	1	2	1	0	1	0	0	0	1	0	0	0	0	0
"rs35686037"	1	1	2	1	0	1	0	0	0	1	0	0	0	0	0
"rs34084277"	1	1	2	1	0	1	0	0	0	1	0	0	0	0	0
"rs8170"	1	1	2	1	0	1	0	0	0	1	0	0	0	0	0
"rs3760961"	0	0	1	0	1	1	0	1	0	1	0	0	1	0	1
"rs6966"	1	1	1	0	0	0	0	1	1	0	1	0	0	0	1
"rs346750"	2	1	0	1	0	1	1	0	1	1	1	0	0	1	0
"rs11083772"	1	0	1	1	2	0	1	1	1	0	0	0	1	0	0
"rs7246959"	1	2	2	1	0	0	0	0	1	2	2	1	1	0	0
"rs1469704"	1	2	2	1	0	0	0	0	1	2	2	1	1	0	0
"rs2060250"	1	2	2	1	0	0	0	0	1	2	2	1	1	0	0
"rs2927718"	0	1	0	1	1	1	1	0	1	1	2	0	1	1	1
"rs7254837"	0	0	1	0	0	0	0	0	2	0	0	1	1	0	1
"rs11881409"	1	1	0	0	1	1	2	0	1	0	0	0	0	0	0
"rs7253652"	1	1	0	0	1	1	2	0	1	0	0	0	0	0	0
"rs8104024"	1	1	0	0	1	1	2	0	1	0	0	0	0	0	0
"rs6509200"	1	1	0	0	1	1	2	0	1	0	0	0	0	0	0
"rs7248168"	1	1	0	0	1	1	2	0	1	0	0	0	0	0	0
"rs1079271"	1	0	1	0	1	0	1	1	0	2	1	1	0	2	1
"rs7259298"	1	0	1	0	1	0	1	1	0	2	1	1	0	2	1
"rs10404099"	0	1	2	0	0	2	0	0	2	0	1	1	0	0	0
"rs3746003"	0	1	1	1	1	0	1	0	1	0	0	0	0	0	0
"rs886133"	0	0	0	0	1	2	2	0	0	0	1	0	1	1	0
"rs444949"	2	2	1	0	0	0	1	0	1	1	2	0	2	1	1
"rs16970555"	0	1	0	1	1	1	1	1	1	1	0	0	0	1	0
"rs2030404"	0	1	1	1	2	2	2	1	0	0	1	0	1	1	0
"rs2599462"	0	1	1	1	2	2	2	1	0	0	1	0	1	1	0
"rs3213356"	0	1	1	1	2	2	2	1	0	0	1	0	1	1	0
"rs7259200"	1	0	2	1	2	2	0	0	0	1	1	1	1	0	0
"rs2396141"	1	0	2	1	1	2	0	0	0	1	2	1	1	0	0
"rs17160491"	1	0	2	1	1	2	0	0	0	1	2	1	1	0	0
"rs17160495"	1	0	2	1	1	2	0	0	0	1	2	1	1	0	0
"rs17160520"	1	0	2	1	1	2	0	0	0	1	2	1	1	0	0
"rs7249838"	1	0	1	1	1	0	0	1	1	0	1	2	1	1	1
"rs4804287"	1	0	1	1	1	0	0	1	1	0	1	2	1	1	1
"rs17160489"	1	0	2	1	2	2	0	0	0	1	2	1	1	0	0
"rs2894538"	1	0	2	1	2	2	0	0	0	1	2	1	1	0	0
"rs1599871"	1	0	2	1	2	2	0	0	0	1	2	1	1	0	0
"rs11667920"	2	0	0	1	1	1	0	0	1	0	2	1	1	0	1
"rs11259989"	2	0	0	1	1	1	0	0	1	0	2	1	1	0	1
"rs423367"	2	0	1	2	1	0	1	2	0	0	0	0	0	1	1
"rs460824"	2	0	1	2	1	0	1	2	0	0	0	0	0	1	1
"rs11666971"	1	1	1	0	0	0	1	1	0	1	0	2	1	1	0
"rs11666866"	1	0	0	1	2	1	1	0	1	1	1	0	0	1	1
"rs754671"	1	0	1	0	1	2	0	0	0	2	2	1	1	0	0
"rs2913973"	1	0	1	0	1	2	0	0	0	2	2	1	1	0	0
"rs2913969"	1	0	1	0	1	2	0	0	0	2	2	1	1	0	0
"rs1466448"	0	1	0	1	0	0	1	0	1	1	0	0	1	0	1
"rs1035829"	2	1	0	1	2	1	1	1	1	0	1	0	1	0	2
"rs2230876"	1	0	1	0	2	2	0	0	0	2	2	1	1	0	0
"rs2306199"	0	1	0	1	1	1	1	0	1	0	2	0	1	0	1
"rs8099878"	0	0	0	1	1	1	0	1	0	0	2	1	0	0	0
"rs10406069"	1	0	0	0	0	1	1	0	2	1	1	1	0	0	0
"rs17352858"	0	0	0	0	1	1	1	1	1	1	0	1	1	1	0
"rs11083708"	0	0	0	0	1	1	1	1	1	1	0	1	1	1	0
"rs2889490"	2	2	2	0	0	1	0	1	2	0	1	1	1	1	1
"rs10416445"	2	2	2	0	0	1	0	1	2	0	1	1	1	1	1
"rs8111826"	2	2	2	0	0	1	0	1	2	0	1	1	1	1	1
"rs10419815"	2	2	2	0	0	1	0	1	2	0	1	1	1	1	1
"rs3786947"	1	1	0	0	0	0	0	2	1	0	0	1	1	1	2
"rs8092"	1	1	0	0	0	0	0	2	1	0	0	1	1	1	2
"rs4806706"	1	1	0	1	0	0	1	0	1	1	1	0	0	1	1
"rs8111642"	1	2	1	2	0	1	0	0	1	0	0	1	1	1	1
"rs12972823"	1	2	1	2	0	1	0	0	1	0	0	1	1	1	1
"rs4806674"	1	1	1	1	0	1	1	0	0	1	0	1	0	1	2
"rs7255328"	0	1	2	0	0	0	0	0	0	1	1	0	0	1	0
"rs11084305"	0	1	2	0	0	0	0	0	0	1	1	0	0	1	0
"rs10408740"	0	0	1	1	0	0	1	0	1	0	0	1	0	1	1
"rs11665900"	0	0	1	1	0	0	1	0	1	0	0	1	0	1	1
"rs13181"	0	0	0	2	1	1	2	0	2	1	1	2	0	0	0
"rs7257613"	2	0	0	1	0	0	1	2	0	0	1	0	0	1	0
"rs11084813"	1	0	0	1	1	0	0	1	0	1	0	0	1	1	0
"rs2312305"	1	0	0	1	1	0	0	1	0	1	0	0	1	1	0
"rs2278236"	0	0	2	0	1	2	0	1	1	1	1	1	0	1	0
"rs7249520"	0	0	2	0	1	2	0	1	1	1	1	1	0	1	0
"rs4350678"	0	0	2	0	1	2	0	1	1	1	1	1	0	1	0
"rs11666233"	0	0	2	0	1	2	0	1	1	1	1	1	0	1	0
"rs10413136"	0	0	2	0	1	2	0	1	1	1	1	1	0	1	0
"rs7254882"	0	0	2	0	1	2	0	1	1	1	1	1	0	1	0
"rs4267458"	0	0	2	0	1	2	0	1	1	1	1	1	0	1	0
"rs1029846"	1	1	1	2	1	0	1	1	2	0	0	1	1	0	1
"rs628258"	1	0	1	2	1	0	0	1	0	0	0	0	0	1	1
"rs10417101"	1	1	0	0	1	0	2	0	1	0	0	0	0	0	0
"rs4608431"	1	1	0	0	1	0	2	0	1	0	0	0	0	0	0
"rs10409903"	1	1	0	0	1	0	2	0	1	0	0	0	0	0	0
"rs17562676"	1	1	0	0	1	0	2	0	1	0	0	0	0	0	0
"rs10409727"	1	1	0	0	1	0	2	0	1	0	0	0	0	0	0
"rs10417618"	1	1	0	0	1	0	2	0	1	0	0	0	0	0	0
"rs17562787"	1	1	0	0	1	0	2	0	1	0	0	0	0	0	0
"rs10409138"	1	1	0	0	1	0	2	0	1	0	0	0	0	0	0
"rs10420331"	0	2	1	1	1	0	1	0	0	1	1	1	1	0	2
"rs2293700"	1	1	1	1	1	1	2	0	0	0	0	0	1	0	0
"rs6509194"	0	0	2	1	0	0	0	0	0	2	2	1	1	0	0
"rs1005204"	0	0	2	1	0	0	0	0	0	2	2	1	1	0	0
"rs6510492"	1	1	1	1	1	1	1	0	0	0	0	1	1	0	0
"rs7245699"	1	1	1	1	1	1	1	0	0	0	0	1	1	0	0
"rs11084307"	2	0	1	1	0	1	1	1	2	1	0	1	1	1	0
"rs2241589"	0	1	1	0	1	2	0	1	0	0	2	2	0	0	0
"rs2913959"	0	1	1	0	1	2	0	1	0	0	2	2	0	0	0
"rs889163"	1	1	1	1	0	0	0	0	0	1	1	1	1	1	0
"rs889164"	1	1	1	1	0	0	0	0	0	1	1	1	1	1	0
"rs12150953"	1	0	1	1	1	0	0	0	1	2	0	0	0	0	1
"rs12151182"	1	0	1	1	1	0	0	0	1	2	0	0	0	0	1
"rs12151019"	1	0	1	1	1	0	0	0	1	2	0	0	0	0	1
"rs17705657"	1	0	1	1	1	0	0	0	1	2	0	0	0	0	1
"rs11670462"	1	0	1	0	0	2	1	1	0	1	0	1	0	1	1
"rs10415769"	1	0	1	0	0	2	1	1	0	1	0	1	0	1	1
"rs250508"	1	0	1	0	2	2	0	1	1	1	0	2	0	1	1
"rs638966"	1	0	1	0	2	2	0	1	1	1	0	2	0	1	1
"rs5167"	2	1	0	1	0	2	1	0	1	0	0	0	0	2	2
"rs4803168"	1	1	1	0	1	0	1	0	1	1	0	0	0	1	0
"rs9304754"	1	1	1	0	1	0	0	0	0	2	0	0	0	1	1
"rs873513"	1	1	0	1	1	0	1	0	1	0	0	0	0	0	0
"rs12972151"	0	1	0	1	1	1	2	0	1	0	1	2	0	0	0
"rs2619214"	0	0	1	1	0	1	0	0	0	1	1	0	1	0	0
"rs2356401"	0	1	0	1	0	0	1	0	2	1	2	2	0	0	1
"rs9304900"	2	0	2	2	1	0	0	0	0	1	2	1	1	0	1
"rs2967625"	1	0	0	1	2	1	1	1	1	1	1	0	1	1	1
"rs12981382"	0	0	0	1	1	1	2	0	1	0	1	2	0	0	0
"rs2733744"	1	0	1	1	1	0	0	0	0	2	0	0	0	0	1
"rs7938"	0	0	0	1	1	0	1	1	1	0	0	2	0	1	1
"rs10408179"	0	1	0	0	1	0	0	0	0	1	2	0	1	1	0
"rs10406431"	0	1	0	0	1	0	0	0	0	1	2	0	1	1	0
"rs683060"	0	0	0	0	1	0	1	1	0	2	0	0	0	1	0
"rs2232778"	0	1	0	1	0	0	1	1	1	1	1	0	0	1	1
"rs2927707"	0	1	0	1	0	0	1	1	1	1	1	0	0	1	1
"rs1560725"	1	2	2	0	0	0	0	1	2	0	1	1	1	1	1
"rs390258"	0	0	0	1	0	1	1	0	1	0	0	0	0	1	1
"rs2927714"	0	0	1	1	1	1	0	0	1	1	0	0	0	0	1
"rs748213"	0	2	0	2	0	0	2	1	1	0	1	0	0	1	1
"rs968502"	0	1	1	0	0	0	2	0	1	1	0	1	1	0	1
"rs968500"	0	1	1	0	0	0	2	0	1	1	0	1	1	0	1
"rs2967603"	0	1	1	0	0	0	2	0	1	1	0	1	1	0	1
"rs2967571"	0	1	1	0	0	0	2	0	1	1	0	1	1	0	1
"rs8103914"	0	0	1	0	2	1	1	1	0	1	0	0	0	1	1
"rs1124626"	2	1	1	0	0	0	1	1	0	0	0	2	1	1	0
"rs583569"	0	0	0	0	1	0	1	1	0	2	0	0	0	1	1
"rs614051"	0	0	0	0	1	0	1	1	0	2	0	0	0	1	1
"rs7259148"	2	0	1	1	0	1	0	1	1	1	1	1	1	1	0
"rs4803846"	1	0	2	2	1	0	1	0	2	1	0	0	2	0	1
"rs7253390"	1	0	2	2	1	0	1	0	2	1	0	0	2	0	1
"rs367443"	1	1	1	1	1	1	1	0	1	1	2	0	1	1	1
"rs6512173"	1	0	1	1	1	0	1	0	1	0	1	1	1	0	1
"rs2967605"	0	0	2	0	1	2	0	0	0	1	1	0	0	0	0
"rs1017103"	1	2	1	1	0	2	0	1	0	1	1	1	2	0	0
"rs4802262"	1	1	0	2	1	0	1	1	2	0	0	1	0	0	1
"rs10403709"	1	0	1	1	1	1	0	0	1	1	1	0	1	1	0
"rs157582"	1	1	0	0	0	1	0	0	1	0	0	0	0	2	1
"rs3902016"	0	0	1	0	1	1	1	1	0	1	0	0	0	1	1
"rs3902017"	0	0	1	0	1	1	1	1	0	1	0	0	0	1	1
"rs3859499"	0	0	1	0	1	1	1	1	0	1	0	0	0	1	1
"rs662850"	1	1	1	1	0	0	1	2	1	1	1	1	1	2	0
"rs383133"	1	0	1	0	1	2	0	0	0	0	0	0	1	0	2
"rs453932"	1	0	1	0	1	2	0	0	0	0	0	0	1	0	2
"rs8106184"	1	0	1	0	0	0	1	1	1	2	2	1	2	1	2
"rs2278997"	1	0	1	0	0	0	1	1	1	2	2	1	2	1	2
"rs1379281"	1	0	1	0	0	0	1	1	1	2	2	1	2	1	2
"rs3760680"	1	1	1	0	1	2	0	0	0	0	1	2	0	0	0
"rs10500316"	1	1	1	1	0	1	1	1	1	2	2	0	1	2	0
"rs4804286"	1	1	1	1	0	1	2	0	0	1	0	0	0	0	1
"rs7254211"	1	1	0	1	1	1	0	0	0	0	0	0	1	0	0
"rs12460932"	1	1	0	1	1	1	0	0	0	0	0	0	1	0	0
"rs10418264"	2	0	1	1	1	2	0	1	1	1	2	1	1	1	0
"rs2042295"	2	0	1	1	1	2	0	1	1	1	2	1	1	1	0
"rs2042296"	2	0	1	1	1	2	0	1	1	1	2	1	1	1	0
"rs2074056"	0	0	0	2	1	0	0	0	0	1	0	1	0	0	1
"rs2285415"	0	2	0	1	1	0	0	1	0	0	2	2	1	1	2
"rs522982"	1	0	1	1	1	1	1	0	1	1	0	1	1	1	0
"rs1465245"	0	1	1	1	0	1	1	1	1	1	0	0	0	1	0
"rs399204"	0	1	1	1	0	1	1	1	1	1	0	0	0	1	0
"rs10421247"	1	0	2	1	1	0	0	0	0	2	2	2	1	1	0
"rs2267584"	0	0	0	1	1	1	1	0	1	0	0	0	0	0	1
"rs7252243"	0	0	0	1	1	1	1	0	1	0	0	0	0	0	1
"rs2280743"	0	0	0	1	1	1	1	0	1	0	0	0	0	0	1
"rs10401695"	0	2	1	0	0	1	0	1	0	0	2	2	1	1	1
"rs11084990"	0	0	1	1	0	1	1	0	1	0	0	1	0	1	1
"rs310690"	1	0	1	0	1	0	0	1	0	1	0	0	0	1	0
"rs310686"	1	0	1	0	1	0	0	1	0	1	0	0	0	1	0
"rs12609641"	1	0	0	1	1	0	0	1	0	1	0	0	0	0	1
"rs4806147"	1	0	0	1	1	0	0	1	0	1	0	0	0	0	1
"rs12611325"	1	0	0	1	1	0	0	1	0	1	0	0	0	0	1
"rs2293694"	1	0	1	1	0	1	2	0	0	0	1	0	0	0	0
"rs11671004"	1	0	1	1	0	1	1	0	0	0	1	0	0	0	0
"rs12709891"	1	1	0	0	0	1	0	1	0	0	0	1	0	0	1
"rs2334255"	1	1	0	0	0	1	0	1	0	0	0	1	0	0	1
"rs7246757"	1	1	0	0	0	1	0	1	0	0	0	1	0	0	1
"rs381872"	2	0	2	2	1	2	1	0	0	0	0	0	1	0	2
"rs413061"	2	0	2	2	1	2	1	0	0	0	0	0	1	0	2
"rs16976804"	1	0	0	0	1	1	0	1	0	0	0	0	1	1	0
"rs2239914"	0	2	0	0	1	0	0	1	0	0	2	2	1	1	2
"rs387083"	1	0	1	1	0	0	0	0	1	1	1	1	0	0	1
"rs4808616"	1	1	1	1	0	1	1	0	0	1	0	0	0	0	0
"rs8106416"	0	1	0	2	1	0	1	0	0	0	1	0	0	0	2
"rs2052120"	1	0	1	0	1	1	1	0	1	1	0	1	1	1	0
"rs488211"	1	0	1	0	1	1	1	0	1	1	0	1	1	1	0
"rs10405859"	1	0	2	1	0	0	0	0	0	2	2	1	1	1	0
"rs7247764"	1	2	0	0	0	1	0	0	1	0	0	0	0	0	1
"rs216271"	0	0	1	2	0	0	1	1	1	1	1	1	0	1	1
"rs35891370"	0	0	0	1	1	1	0	1	1	1	0	1	0	1	1
"rs4803790"	0	0	0	1	1	1	0	1	1	1	0	1	0	1	1
"rs11672660"	0	0	0	0	0	1	1	0	0	1	1	1	0	1	0
"rs2116939"	1	0	0	0	1	1	0	1	0	0	0	0	1	1	0
"rs8103162"	1	0	0	0	1	1	0	1	0	0	0	0	1	1	0
"rs1061768"	1	0	0	0	1	1	0	1	0	0	0	0	1	1	0
"rs926026"	1	1	0	1	1	1	2	0	0	0	1	0	0	0	0
"rs1005948"	1	1	0	1	1	1	2	0	0	0	1	0	0	0	0
"rs11084982"	0	0	1	2	0	1	0	0	1	0	0	1	1	1	1
"rs7253109"	1	0	1	0	0	0	0	2	0	1	1	1	0	1	1
"rs10409728"	1	0	1	0	0	0	0	2	0	1	1	1	0	1	1
"rs2334252"	1	0	1	0	0	0	0	2	0	1	1	1	0	1	1
"rs10414464"	1	0	1	0	0	0	0	2	0	1	1	1	0	1	1
"rs1045217"	1	0	1	0	0	0	0	2	0	1	1	1	0	1	1
"rs3745818"	1	0	1	0	0	0	0	2	0	1	1	1	0	1	1
"rs10411821"	1	0	1	0	0	0	0	2	0	1	1	1	0	1	1
"rs10405576"	1	0	1	0	0	0	0	2	0	1	1	1	0	1	1
"rs454376"	2	0	2	2	1	2	1	0	0	0	0	0	1	0	1
"rs444816"	2	0	2	2	1	2	1	0	0	0	0	0	1	0	1
"rs400591"	2	0	2	2	1	2	1	0	0	0	0	0	1	0	1
"rs439417"	2	0	2	2	1	2	1	0	0	0	0	0	1	0	1
"rs11669716"	0	1	0	0	0	2	1	1	0	0	0	1	0	1	1
"rs157590"	1	1	1	1	0	1	2	1	0	0	2	0	2	2	1
"rs405509"	1	1	1	1	0	1	2	1	0	0	2	0	2	2	1
"rs3844453"	0	1	1	0	1	1	0	0	0	0	0	1	0	1	0
"rs8110747"	0	2	0	0	1	0	0	1	0	0	1	2	1	1	1
"rs308033"	0	0	1	0	0	0	0	1	1	1	0	1	0	1	0
"rs756971"	1	0	0	1	1	1	1	1	0	0	1	1	1	1	0
"rs8107636"	1	0	0	1	0	1	2	0	0	0	1	0	0	0	0
"rs2293690"	1	0	0	1	0	1	2	0	0	0	1	0	0	0	0
"rs11667371"	1	0	0	0	1	1	1	0	1	1	0	0	1	0	0
"rs11880355"	1	0	0	0	1	1	1	0	1	1	0	0	1	0	0
"rs12972158"	1	0	1	0	0	1	0	1	0	0	0	1	0	0	1
"rs34642101"	1	0	1	0	0	1	0	1	0	0	0	1	0	0	1
"rs28632030"	1	0	1	0	0	1	0	1	0	0	0	1	0	0	1
"rs7254744"	0	0	0	0	1	0	1	1	0	0	1	0	1	1	0
"rs2106446"	0	0	0	0	1	2	2	1	0	0	1	0	1	1	0
"rs377931"	2	0	2	2	1	2	2	0	0	0	0	1	1	0	1
"rs612529"	1	0	1	1	0	1	1	0	1	1	1	1	1	1	0
