"snpid"	"chr"	"pos"	"allele"
"rs4806874"	19	2738352	"G/A"
"rs10415622"	19	2739696	"G/A"
"rs2302490"	19	2740229	"A/G"
"rs7252598"	19	2748597	"G/A"
"rs12608998"	19	2753270	"A/C"
"rs8105402"	19	2753983	"A/G"
"rs6510699"	19	2754548	"G/A"
"rs7008"	19	2754978	"G/A"
"rs2238614"	19	2755339	"A/G"
"rs8101456"	19	2756183	"A/C"
"rs12973643"	19	2760716	"A/G"
"rs1860938"	19	2760878	"C/A"
"rs3745814"	19	2761358	"A/G"
"rs4807325"	19	2763223	"C/G"
"rs741103"	19	2771641	"G/A"
"rs2110118"	19	2775144	"G/A"
"rs4807330"	19	2777662	"A/G"
"rs1640262"	19	2779134	"G/A"
"rs878893"	19	2781325	"G/A"
"rs1736188"	19	2782368	"G/A"
"rs1736192"	19	2784678	"A/G"
"rs941410"	19	2787329	"A/G"
"rs1736176"	19	2790394	"A/G"
"rs759068"	19	2792566	"A/G"
"rs1736180"	19	2796021	"A/G"
"rs1736182"	19	2798686	"C/A"
"rs1640271"	19	2799979	"T/C"
"rs1640273"	19	2803227	"A/G"
"rs941406"	19	2803623	"G/A"
"rs2537855"	19	2806574	"G/A"
"rs941407"	19	2812153	"G/A"
"rs941408"	19	2814181	"A/G"
"rs1736189"	19	2816339	"G/A"
"rs576804"	19	2821745	"G/A"
"rs1017103"	19	2822045	"A/G"
"rs6510704"	19	2823269	"A/G"
"rs10411766"	19	2823693	"A/G"
"rs885704"	19	2833431	"G/A"
"rs8107668"	19	2833576	"A/G"
"rs8107771"	19	2833617	"A/G"
"rs8102063"	19	2834808	"G/A"
"rs1029845"	19	2836660	"G/A"
"rs8100988"	19	2840454	"C/A"
"rs1610062"	19	2843533	"G/A"
"rs2079882"	19	2846083	"G/A"
"rs4806877"	19	2846557	"G/A"
"rs4806878"	19	2846782	"A/G"
"rs7250338"	19	2848948	"A/G"
"rs11880407"	19	2851678	"A/T"
"rs11084962"	19	2857149	"A/G"
"rs1054638"	19	2857590	"A/G"
"rs1558360"	19	2873323	"A/G"
"rs9304900"	19	2873439	"A/G"
"rs8103080"	19	2897133	"T/C"
"rs4061136"	19	2902146	"C/G"
"rs3855680"	19	2906475	"C/A"
"rs4807359"	19	2906556	"A/C"
"rs11084972"	19	2909093	"G/C"
"rs2288958"	19	2917287	"A/C"
"rs10426690"	19	2922093	"T/C"
"rs4806891"	19	2947152	"G/A"
"rs11666431"	19	2953087	"A/G"
"rs8111642"	19	2962275	"A/G"
"rs12972823"	19	2968157	"G/A"
"rs11084982"	19	2969567	"A/C"
"rs2052120"	19	2976114	"A/G"
"rs11667371"	19	2976724	"A/G"
"rs488211"	19	2977807	"C/A"
"rs11880355"	19	2983626	"A/G"
"rs522982"	19	2984460	"G/A"
"rs493839"	19	2996014	"A/G"
"rs390258"	19	2996339	"G/A"
"rs423232"	19	2996483	"A/G"
"rs4806893"	19	2996889	"A/G"
"rs83488"	19	3006274	"G/A"
"rs216283"	19	3007698	"C/A"
"rs11084990"	19	3009220	"C/A"
"rs216284"	19	3009788	"A/G"
"rs10408740"	19	3010648	"C/T"
"rs11665900"	19	3010803	"A/G"
"rs3760961"	19	3013374	"G/A"
"rs216271"	19	3013616	"A/G"
"rs7249809"	19	3020691	"G/A"
"rs2013994"	19	3023057	"G/A"
"rs1688128"	19	3030168	"G/A"
"rs11084993"	19	3042734	"G/A"
"rs7938"	19	3053574	"G/A"
"rs444949"	19	3054530	"A/G"
"rs4807391"	19	3054567	"A/G"
"rs2277741"	19	3055307	"A/G"
"rs307718"	19	3059594	"G/A"
"rs11084995"	19	3073830	"G/C"
"rs8109448"	19	3078394	"A/G"
"rs1104737"	19	3096788	"A/C"
"rs308037"	19	3098245	"A/G"
"rs308033"	19	3099982	"A/G"
"rs2238625"	19	3104652	"G/A"
"rs308054"	19	3105987	"A/G"
"rs308056"	19	3106588	"G/C"
"rs308063"	19	3112023	"C/T"
"rs411386"	19	3113903	"C/A"
"rs3786947"	19	3114229	"A/G"
"rs308049"	19	3116725	"A/G"
"rs415647"	19	3123113	"A/G"
"rs8092"	19	3123635	"A/G"
"rs1688123"	19	3126332	"A/G"
"rs4807405"	19	3129369	"A/C"
"rs310690"	19	3132014	"G/A"
"rs310686"	19	3133853	"A/G"
"rs1465245"	19	3136845	"A/G"
"rs399204"	19	3136962	"A/G"
"rs1688124"	19	3143069	"A/C"
"rs399725"	19	3143283	"G/T"
"rs4289098"	19	8168399	"G/A"
"rs8111372"	19	8170591	"G/A"
"rs1382354"	19	8173892	"T/A"
"rs3813779"	19	8174650	"G/A"
"rs11672038"	19	8174724	"A/G"
"rs12609936"	19	8176458	"G/A"
"rs12975322"	19	8176640	"A/G"
"rs4804264"	19	8176919	"G/A"
"rs4804063"	19	8176945	"G/A"
"rs2086149"	19	8177620	"A/G"
"rs11666268"	19	8178003	"A/G"
"rs4804267"	19	8179619	"A/C"
"rs12460407"	19	8181037	"G/A"
"rs1038081"	19	8181483	"A/G"
"rs4527136"	19	8186519	"A/G"
"rs3813778"	19	8191401	"A/G"
"rs12327845"	19	8192290	"T/C"
"rs3813777"	19	8196222	"G/A"
"rs12162233"	19	8206748	"A/G"
"rs7256533"	19	8207721	"A/G"
"rs899208"	19	8209926	"G/A"
"rs11260062"	19	8214970	"C/A"
"rs12150883"	19	8217766	"A/G"
"rs1004873"	19	8219833	"G/A"
"rs10416763"	19	8232734	"A/G"
"rs8104875"	19	8234677	"G/A"
"rs8110054"	19	8240413	"A/G"
"rs4580307"	19	8247771	"G/A"
"rs7250249"	19	8250610	"G/A"
"rs11669207"	19	8253156	"G/A"
"rs7249838"	19	8261656	"G/A"
"rs4804286"	19	8266439	"C/G"
"rs4804287"	19	8266580	"G/A"
"rs7258249"	19	8271721	"A/G"
"rs11666866"	19	8285607	"A/G"
"rs1466448"	19	8289519	"C/A"
"rs2967625"	19	8298411	"A/G"
"rs1124626"	19	8305642	"A/G"
"rs11666971"	19	8308312	"G/A"
"rs2927718"	19	8311020	"C/G"
"rs17160333"	19	8316310	"G/A"
"rs367443"	19	8318879	"G/A"
"rs2306199"	19	8320890	"C/A"
"rs36247"	19	8321946	"G/A"
"rs36249"	19	8322069	"A/G"
"rs2927714"	19	8324347	"A/G"
"rs36253"	19	8324893	"C/A"
"rs36258"	19	8326244	"G/A"
"rs2967692"	19	8331010	"A/G"
"rs193933"	19	8331375	"G/A"
"rs250508"	19	8334280	"A/G"
"rs638966"	19	8334939	"C/A"
"rs2232778"	19	8370120	"A/G"
"rs2927707"	19	8370921	"G/A"
"rs3760680"	19	8374407	"A/G"
"rs561"	19	8376431	"A/G"
"rs2241590"	19	8386701	"A/G"
"rs4147644"	19	8386998	"G/A"
"rs3760685"	19	8389011	"A/C"
"rs2972574"	19	8394092	"A/G"
"rs2241589"	19	8398531	"A/G"
"rs2913959"	19	8403854	"G/A"
"rs7248719"	19	8418902	"C/A"
"rs34661506"	19	8419505	"G/A"
"rs12980554"	19	8421007	"T/C"
"rs12985515"	19	8431316	"G/A"
"rs2278236"	19	8431581	"G/A"
"rs1044250"	19	8436164	"A/G"
"rs11672433"	19	8438716	"A/G"
"rs7249520"	19	8446056	"G/A"
"rs4350678"	19	8447366	"A/G"
"rs11666233"	19	8452045	"G/T"
"rs10413136"	19	8452879	"A/G"
"rs7254882"	19	8453822	"A/G"
"rs3786623"	19	8456380	"G/A"
"rs4267458"	19	8457154	"G/A"
"rs2967614"	19	8458145	"G/A"
"rs754671"	19	8458960	"G/A"
"rs2913973"	19	8460534	"A/C"
"rs7409035"	19	8463631	"A/G"
"rs2913969"	19	8465303	"A/G"
"rs2230876"	19	8468337	"A/G"
"rs2967605"	19	8469738	"A/G"
"rs7247467"	19	8470836	"A/G"
"rs11882865"	19	8486885	"A/G"
"rs10409969"	19	8488751	"A/G"
"rs2396141"	19	8492574	"G/A"
"rs2303180"	19	8495765	"A/G"
"rs3815783"	19	8503025	"A/G"
"rs17160489"	19	8508391	"G/A"
"rs17160491"	19	8512940	"C/A"
"rs17160495"	19	8516278	"A/T"
"rs563320"	19	8517386	"A/C"
"rs2894538"	19	8518415	"C/T"
"rs12610448"	19	8532219	"A/G"
"rs7259200"	19	8543921	"C/T"
"rs1599871"	19	8548175	"A/C"
"rs17160520"	19	8548589	"A/G"
"rs2277987"	19	8552273	"G/A"
"rs12609437"	19	8554787	"A/G"
"rs4804305"	19	8564523	"C/A"
"rs11667920"	19	8567265	"G/A"
"rs968502"	19	8567475	"G/A"
"rs968500"	19	8567548	"G/A"
"rs2967603"	19	8569735	"C/A"
"rs2967571"	19	8571189	"A/T"
"rs889180"	19	8571303	"A/G"
"rs2396105"	19	8571530	"A/G"
"rs11259989"	19	8571929	"G/A"
"rs4808069"	19	17138985	"G/A"
"rs873513"	19	17148156	"A/G"
"rs7259798"	19	17152820	"G/A"
"rs7259285"	19	17153149	"G/A"
"rs1548079"	19	17154972	"C/A"
"rs8106184"	19	17159779	"C/A"
"rs2278997"	19	17166981	"A/G"
"rs9676600"	19	17168486	"C/G"
"rs2305756"	19	17169936	"C/T"
"rs7253742"	19	17171689	"T/C"
"rs3816550"	19	17173487	"A/G"
"rs7254154"	19	17178119	"A/C"
"rs2305754"	19	17179789	"G/A"
"rs7259348"	19	17182017	"A/G"
"rs7507441"	19	17182939	"A/G"
"rs1379281"	19	17189786	"A/G"
"rs1979261"	19	17193518	"T/C"
"rs1979260"	19	17193551	"A/G"
"rs11671858"	19	17201520	"A/C"
"rs8109466"	19	17207011	"C/A"
"rs10423719"	19	17211568	"G/A"
"rs3745348"	19	17212410	"A/G"
"rs11666569"	19	17214073	"A/G"
"rs7246865"	19	17219105	"A/G"
"rs8111636"	19	17224672	"A/G"
"rs10775622"	19	17230199	"G/A"
"rs11667918"	19	17232499	"A/G"
"rs7254359"	19	17239566	"A/G"
"rs12052065"	19	17241649	"C/A"
"rs2880937"	19	17245083	"A/C"
"rs6512171"	19	17245932	"G/A"
"rs17533945"	19	17257802	"G/A"
"rs1870068"	19	17258828	"G/A"
"rs10424129"	19	17261240	"A/G"
"rs7256689"	19	17273893	"C/A"
"rs4808583"	19	17278979	"C/A"
"rs6512173"	19	17282250	"C/G"
"rs2279008"	19	17283303	"G/A"
"rs2279007"	19	17283403	"A/G"
"rs2305767"	19	17294296	"G/A"
"rs3786514"	19	17294954	"A/G"
"rs3786515"	19	17295023	"A/G"
"rs7249803"	19	17298551	"T/C"
"rs7250808"	19	17298615	"G/C"
"rs3826689"	19	17298893	"A/C"
"rs962919"	19	17301863	"A/G"
"rs4808072"	19	17301880	"A/G"
"rs962917"	19	17302247	"A/G"
"rs1545620"	19	17303774	"C/A"
"rs1064305"	19	17305440	"G/A"
"rs2305765"	19	17312992	"A/G"
"rs2305764"	19	17313833	"A/G"
"rs8108998"	19	17314874	"G/A"
"rs7248508"	19	17316782	"G/A"
"rs2279002"	19	17317252	"G/A"
"rs8110964"	19	17317955	"G/A"
"rs12463169"	19	17321669	"G/A"
"rs3906559"	19	17325913	"A/G"
"rs2288542"	19	17337223	"G/A"
"rs8099896"	19	17353366	"G/A"
"rs891205"	19	17354586	"C/A"
"rs4808611"	19	17354825	"A/G"
"rs3826729"	19	17358133	"A/G"
"rs12463159"	19	17358701	"A/G"
"rs35686037"	19	17359535	"A/G"
"rs3745167"	19	17360864	"A/G"
"rs7247493"	19	17362941	"A/C"
"rs9676419"	19	17367435	"G/A"
"rs3745185"	19	17384267	"A/G"
"rs34084277"	19	17387176	"G/A"
"rs8170"	19	17389704	"A/G"
"rs8100241"	19	17392894	"G/A"
"rs2363956"	19	17394124	"A/C"
"rs11668840"	19	17399625	"A/G"
"rs4808616"	19	17403033	"A/C"
"rs11086066"	19	17412366	"A/G"
"rs11086067"	19	17412399	"A/G"
"rs11668755"	19	17416357	"A/G"
"rs2288464"	19	17417252	"A/C"
"rs6903"	19	17417565	"A/G"
"rs8100448"	19	17422402	"A/C"
"rs8100232"	19	17422951	"A/G"
"rs7249329"	19	17423373	"A/C"
"rs3826700"	19	17426501	"C/A"
"rs35339599"	19	17430198	"A/C"
"rs10259"	19	17430915	"A/G"
"rs3810204"	19	17448660	"G/A"
"rs11666309"	19	17451187	"G/A"
"rs10421557"	19	17456223	"G/A"
"rs4808625"	19	17458054	"A/C"
"rs4808078"	19	17464713	"G/A"
"rs7252581"	19	17469382	"G/A"
"rs10408790"	19	17473015	"A/G"
"rs7248564"	19	17477318	"A/G"
"rs7257450"	19	17488607	"G/A"
"rs11666306"	19	17490013	"G/A"
"rs3815904"	19	17502895	"G/A"
"rs8106139"	19	17506176	"A/G"
"rs12972417"	19	17525314	"A/G"
"rs2303680"	19	17531450	"G/A"
"rs754847"	19	17541017	"G/A"
"rs7254837"	19	17546710	"A/G"
"rs1035872"	19	17546855	"G/A"
"rs8109084"	19	17547179	"C/T"
"rs11667945"	19	17552306	"G/A"
"rs11666324"	19	17562969	"G/A"
"rs4808646"	19	17566996	"A/G"
"rs8113725"	19	17575302	"A/G"
"rs8100064"	19	17575610	"A/G"
"rs11665774"	19	17580707	"G/A"
"rs11666579"	19	17590281	"A/C"
"rs11665931"	19	17607569	"A/G"
"rs11672333"	19	17608516	"G/A"
"rs4808657"	19	17616041	"A/G"
"rs1078000"	19	17621508	"A/G"
"rs879142"	19	17622391	"G/A"
"rs8102140"	19	17623339	"A/G"
"rs11086076"	19	17624714	"A/G"
"rs4450527"	19	17628352	"A/G"
"rs6743"	19	17628587	"A/G"
"rs8104468"	19	17628737	"G/A"
"rs2375592"	19	17633933	"G/A"
"rs10406069"	19	35836530	"A/G"
"rs12985354"	19	35837428	"A/G"
"rs12975589"	19	35839730	"C/A"
"rs1573611"	19	35843708	"A/G"
"rs387083"	19	35847115	"A/G"
"rs10422744"	19	35847153	"T/C"
"rs7251096"	19	35848955	"A/G"
"rs8103476"	19	35861506	"A/G"
"rs368055"	19	35865472	"G/A"
"rs12609641"	19	35868725	"A/G"
"rs11883057"	19	35868758	"A/G"
"rs11878345"	19	35868773	"A/G"
"rs16970276"	19	35870348	"A/G"
"rs4806146"	19	35870987	"A/C"
"rs4806147"	19	35871203	"A/G"
"rs7252182"	19	35879538	"A/G"
"rs12609605"	19	35882487	"T/C"
"rs12978607"	19	35889429	"C/A"
"rs12986261"	19	35889533	"G/A"
"rs12611325"	19	35890205	"A/G"
"rs7260133"	19	35890434	"C/G"
"rs12978242"	19	35891254	"T/C"
"rs4805125"	19	35896467	"G/A"
"rs4806155"	19	35921266	"A/C"
"rs10404099"	19	35922437	"A/G"
"rs7254596"	19	35923378	"G/A"
"rs11084813"	19	35923858	"G/A"
"rs2312305"	19	35924757	"A/G"
"rs8113778"	19	35929300	"G/A"
"rs12971516"	19	35939534	"A/G"
"rs2074056"	19	35940287	"A/G"
"rs3815025"	19	35942900	"T/A"
"rs756971"	19	35943769	"A/G"
"rs2158007"	19	35949594	"G/A"
"rs7253076"	19	35954641	"A/G"
"rs8108116"	19	35955687	"A/C"
"rs10419824"	19	35956014	"A/G"
"rs11668636"	19	35956390	"A/G"
"rs10417830"	19	35958677	"C/T"
"rs8107636"	19	35958865	"T/C"
"rs7248666"	19	35963194	"A/G"
"rs17705416"	19	35966584	"A/G"
"rs926026"	19	35967424	"G/A"
"rs11880530"	19	35969144	"T/C"
"rs10414731"	19	35970479	"A/T"
"rs17705450"	19	35975567	"T/G"
"rs1005948"	19	35975921	"A/G"
"rs6510490"	19	35977309	"G/A"
"rs7976"	19	35978299	"A/G"
"rs17638216"	19	35978458	"A/G"
"rs2293690"	19	35978577	"A/G"
"rs1007568"	19	35980832	"G/A"
"rs9973222"	19	35984721	"A/G"
"rs11671004"	19	35987994	"A/G"
"rs2293693"	19	35989972	"T/A"
"rs2293694"	19	35990411	"A/G"
"rs2293695"	19	35991373	"A/G"
"rs2293700"	19	35996380	"A/G"
"rs6510492"	19	35997363	"A/G"
"rs7245699"	19	35999491	"C/A"
"rs7254211"	19	36003721	"A/G"
"rs12460932"	19	36004171	"A/C"
"rs4805127"	19	36007269	"A/G"
"rs7253270"	19	36010258	"T/C"
"rs7254744"	19	36010659	"G/C"
"rs886133"	19	36011878	"A/G"
"rs2106446"	19	36012084	"A/G"
"rs16970487"	19	36013455	"A/G"
"rs2285513"	19	36016198	"A/G"
"rs12150953"	19	36023448	"G/A"
"rs12151182"	19	36023732	"A/G"
"rs12151019"	19	36023805	"G/A"
"rs17705657"	19	36024742	"A/C"
"rs4806173"	19	36024925	"G/C"
"rs11882238"	19	36031398	"A/C"
"rs7599"	19	36038390	"A/G"
"rs17638427"	19	36039678	"A/T"
"rs2733744"	19	36041030	"C/A"
"rs2733737"	19	36045403	"T/C"
"rs2733739"	19	36045772	"A/G"
"rs11084823"	19	36047374	"G/A"
"rs748213"	19	36048943	"G/A"
"rs8112614"	19	36069495	"A/G"
"rs1033330"	19	36069632	"T/C"
"rs12981130"	19	36075253	"C/T"
"rs12984019"	19	36078082	"A/G"
"rs16970555"	19	36078919	"A/G"
"rs756783"	19	36079704	"G/A"
"rs739453"	19	36079936	"A/G"
"rs8101766"	19	36084338	"T/C"
"rs8106239"	19	36085358	"C/A"
"rs4806178"	19	36087667	"A/C"
"rs4805131"	19	36097297	"G/A"
"rs10410294"	19	36097328	"G/A"
"rs8110747"	19	36103517	"A/G"
"rs3814983"	19	36106337	"A/G"
"rs2285413"	19	36113459	"A/G"
"rs1989801"	19	36117427	"G/A"
"rs2285415"	19	36122441	"G/A"
"rs2239914"	19	36123403	"A/G"
"rs4805134"	19	36130740	"T/A"
"rs3761093"	19	36136449	"A/G"
"rs7254601"	19	36147315	"G/A"
"rs4806187"	19	36149761	"A/G"
"rs28633929"	19	36151514	"A/G"
"rs2267584"	19	36156588	"A/G"
"rs10422762"	19	36157167	"G/A"
"rs10401695"	19	36160834	"A/G"
"rs7252243"	19	36173537	"A/G"
"rs35729071"	19	36204427	"A/G"
"rs107068"	19	36204690	"A/G"
"rs231592"	19	36219209	"A/G"
"rs8106959"	19	36219525	"G/A"
"rs2280743"	19	36225999	"G/A"
"rs2242522"	19	36228954	"A/C"
"rs12459634"	19	36230174	"G/A"
"rs2871921"	19	36232420	"A/G"
"rs8109124"	19	43901831	"A/G"
"rs17352858"	19	43907428	"G/C"
"rs11083708"	19	43908615	"G/A"
"rs8113556"	19	43910764	"G/A"
"rs10853766"	19	43914833	"A/G"
"rs2682592"	19	43940597	"C/A"
"rs2682597"	19	43943499	"G/A"
"rs2599472"	19	43951421	"C/A"
"rs2247798"	19	43954915	"A/C"
"rs7248167"	19	43960114	"C/A"
"rs12610717"	19	43961620	"G/A"
"rs4330013"	19	43964028	"A/G"
"rs2682582"	19	43966929	"A/G"
"rs2260219"	19	43967147	"G/A"
"rs7253856"	19	43979015	"T/C"
"rs2599437"	19	43979439	"G/A"
"rs1055099"	19	43979589	"C/A"
"rs2599442"	19	43995275	"A/G"
"rs1125030"	19	43999634	"A/C"
"rs2682547"	19	44001057	"G/A"
"rs2682549"	19	44001891	"A/G"
"rs12980205"	19	44008370	"A/G"
"rs12980646"	19	44008528	"A/G"
"rs4802183"	19	44009364	"A/G"
"rs12973764"	19	44023153	"C/A"
"rs4802185"	19	44026922	"G/A"
"rs4803640"	19	44029031	"G/C"
"rs2102954"	19	44029744	"C/A"
"rs2682563"	19	44037328	"G/A"
"rs2030404"	19	44043448	"G/A"
"rs2599462"	19	44044886	"G/A"
"rs2682556"	19	44048994	"A/G"
"rs762507"	19	44058098	"A/G"
"rs3213356"	19	44058239	"G/A"
"rs2854501"	19	44060001	"A/G"
"rs3213334"	19	44062519	"A/G"
"rs1001581"	19	44065388	"A/G"
"rs762506"	19	44067674	"A/G"
"rs3213282"	19	44072880	"G/C"
"rs2854510"	19	44074212	"G/A"
"rs2854509"	19	44074597	"A/C"
"rs3213263"	19	44076154	"A/G"
"rs2854508"	19	44076164	"A/T"
"rs3213255"	19	44077507	"G/A"
"rs2682585"	19	44081288	"A/G"
"rs2682586"	19	44081499	"A/G"
"rs3817"	19	44090195	"A/C"
"rs8113762"	19	44095077	"G/A"
"rs427115"	19	44098197	"A/G"
"rs304723"	19	44102338	"A/G"
"rs1402326"	19	44105462	"T/C"
"rs1402325"	19	44105736	"A/G"
"rs304719"	19	44108635	"G/A"
"rs304720"	19	44109856	"G/C"
"rs2302421"	19	44118353	"A/G"
"rs1860149"	19	44118680	"G/A"
"rs3746002"	19	44123894	"A/G"
"rs3046"	19	44124735	"A/G"
"rs34637472"	19	44126279	"A/G"
"rs433226"	19	44126738	"G/A"
"rs2240633"	19	44128437	"G/A"
"rs3746003"	19	44130453	"A/G"
"rs4802188"	19	44135193	"G/C"
"rs10402946"	19	44139182	"A/G"
"rs400058"	19	44141015	"A/G"
"rs7252391"	19	44142771	"G/A"
"rs4802189"	19	44146930	"A/C"
"rs8105647"	19	44149449	"G/A"
"rs2283628"	19	44163061	"G/A"
"rs397374"	19	44163781	"T/A"
"rs4251831"	19	44169738	"G/C"
"rs344784"	19	44171582	"A/T"
"rs2286960"	19	44172025	"A/G"
"rs344783"	19	44172188	"A/G"
"rs344781"	19	44174788	"G/A"
"rs344776"	19	44178437	"A/G"
"rs344774"	19	44178649	"T/C"
"rs344772"	19	44179956	"G/A"
"rs344770"	19	44180595	"A/G"
"rs7259340"	19	44186653	"A/C"
"rs1994417"	19	44187506	"A/G"
"rs346047"	19	44190626	"A/C"
"rs346044"	19	44193644	"A/G"
"rs11668247"	19	44194362	"A/G"
"rs346043"	19	44194781	"G/A"
"rs8111293"	19	44198526	"A/C"
"rs346062"	19	44198577	"A/G"
"rs12610476"	19	44209019	"A/G"
"rs511654"	19	44210377	"A/G"
"rs10403459"	19	44213380	"G/A"
"rs9612"	19	44235517	"G/A"
"rs12669"	19	44235535	"A/G"
"rs2074634"	19	44238347	"G/A"
"rs346532"	19	44248878	"G/A"
"rs346534"	19	44250831	"G/A"
"rs346535"	19	44251425	"A/G"
"rs173202"	19	44253588	"T/C"
"rs346544"	19	44256205	"G/A"
"rs346545"	19	44256386	"G/A"
"rs2277745"	19	44259077	"A/G"
"rs346527"	19	44259361	"G/A"
"rs346524"	19	44260572	"G/A"
"rs346522"	19	44262545	"G/A"
"rs2107621"	19	44263766	"G/A"
"rs11351"	19	44271066	"C/A"
"rs3786954"	19	44272346	"G/A"
"rs2306801"	19	44280478	"A/G"
"rs3760982"	19	44286513	"A/G"
"rs3786956"	19	44286829	"A/G"
"rs11665924"	19	44286982	"G/A"
"rs4803659"	19	44290235	"A/G"
"rs1386502"	19	44293356	"G/A"
"rs10421887"	19	44294849	"T/C"
"rs10426528"	19	44299298	"A/G"
"rs349045"	19	44299892	"G/A"
"rs349046"	19	44300626	"A/G"
"rs349047"	19	44300884	"A/G"
"rs349049"	19	44301400	"G/A"
"rs10416177"	19	44301543	"A/C"
"rs11547806"	19	44303066	"C/G"
"rs8112656"	19	44304640	"C/A"
"rs11879355"	19	44306482	"A/G"
"rs364691"	19	44309002	"A/G"
"rs10423679"	19	44311218	"T/C"
"rs349032"	19	44317360	"A/G"
"rs16976804"	19	44321519	"G/T"
"rs2356400"	19	44321776	"A/G"
"rs2356401"	19	44321849	"A/G"
"rs10421636"	19	44324817	"C/A"
"rs11672344"	19	44327863	"A/C"
"rs10408461"	19	44330772	"G/A"
"rs10500286"	19	44331613	"G/A"
"rs349030"	19	44331810	"G/A"
"rs2116939"	19	44332497	"G/A"
"rs8103162"	19	44333049	"G/A"
"rs11673332"	19	44339442	"G/A"
"rs349040"	19	44350189	"A/G"
"rs349039"	19	44350437	"C/A"
"rs10415344"	19	44350718	"C/A"
"rs10421861"	19	44351107	"A/G"
"rs1061768"	19	44352639	"A/G"
"rs1061769"	19	44352666	"A/G"
"rs2883946"	19	44352688	"A/G"
"rs239948"	19	44356887	"A/T"
"rs8104290"	19	44367338	"A/G"
"rs239943"	19	44374716	"A/T"
"rs1050054"	19	44376681	"C/A"
"rs12977303"	19	44377669	"G/A"
"rs171238"	19	44379554	"A/C"
"rs1978723"	19	44383800	"T/C"
"rs239938"	19	44390305	"A/G"
"rs429027"	19	44395489	"G/A"
"rs432454"	19	44398831	"C/G"
"rs397913"	19	44398940	"T/C"
"rs368089"	19	44399084	"A/G"
"rs396973"	19	44399306	"A/G"
"rs436249"	19	44399565	"C/T"
"rs430308"	19	44400375	"C/G"
"rs11666650"	19	44409009	"G/A"
"rs417400"	19	44410846	"A/G"
"rs1073653"	19	44411543	"A/G"
"rs423765"	19	44416199	"G/A"
"rs417699"	19	44417575	"A/G"
"rs407731"	19	44418077	"G/A"
"rs425221"	19	44418544	"A/G"
"rs388685"	19	44418680	"C/G"
"rs388706"	19	44418693	"A/G"
"rs399098"	19	44418824	"G/A"
"rs423752"	19	44423195	"G/A"
"rs384329"	19	44423981	"A/G"
"rs413093"	19	44426265	"A/G"
"rs411803"	19	44432840	"T/C"
"rs454376"	19	44435167	"A/G"
"rs8100011"	19	44436733	"A/G"
"rs444816"	19	44438366	"G/A"
"rs377931"	19	44438923	"A/G"
"rs400591"	19	44441281	"A/G"
"rs439417"	19	44443010	"C/T"
"rs11880216"	19	44444416	"C/A"
"rs11881642"	19	44454909	"A/G"
"rs381872"	19	44466156	"A/G"
"rs8099924"	19	44466204	"A/T"
"rs413061"	19	44466754	"G/C"
"rs383133"	19	44467096	"C/A"
"rs397276"	19	44467405	"G/A"
"rs453932"	19	44469708	"A/G"
"rs3852861"	19	45383061	"C/A"
"rs157580"	19	45395266	"G/A"
"rs2075649"	19	45395330	"G/A"
"rs157582"	19	45396219	"A/G"
"rs157590"	19	45398716	"A/C"
"rs8106922"	19	45401666	"G/A"
"rs1160985"	19	45403412	"A/G"
"rs405697"	19	45404691	"A/G"
"rs405509"	19	45408836	"A/C"
"rs769450"	19	45410444	"A/G"
"rs439401"	19	45414451	"A/G"
"rs584007"	19	45416478	"A/G"
"rs5157"	19	45447161	"G/A"
"rs1132899"	19	45448036	"A/G"
"rs5167"	19	45448465	"C/A"
"rs2288911"	19	45449284	"C/A"
"rs12709889"	19	45453239	"A/G"
"rs3760627"	19	45457180	"G/A"
"rs3760629"	19	45458146	"C/A"
"rs4803781"	19	45459671	"T/C"
"rs204905"	19	45460764	"A/G"
"rs11668758"	19	45474680	"A/G"
"rs2075620"	19	45480037	"C/T"
"rs7257916"	19	45482884	"A/G"
"rs8111069"	19	45483438	"C/A"
"rs3786505"	19	45490570	"G/A"
"rs204468"	19	45490636	"A/G"
"rs35891370"	19	45519100	"G/A"
"rs35912475"	19	45522732	"A/G"
"rs4803790"	19	45523459	"C/T"
"rs4803791"	19	45523583	"A/G"
"rs2288918"	19	45528799	"G/A"
"rs6509177"	19	45530006	"G/A"
"rs10424046"	19	45536036	"G/C"
"rs1560725"	19	45543787	"A/G"
"rs3786507"	19	45548255	"G/A"
"rs2163842"	19	45548502	"A/G"
"rs2889490"	19	45550407	"G/A"
"rs10416445"	19	45556662	"G/A"
"rs8111826"	19	45557218	"A/G"
"rs1009644"	19	45560373	"A/G"
"rs2304195"	19	45562871	"G/A"
"rs4802246"	19	45563188	"A/G"
"rs12974182"	19	45563255	"A/G"
"rs7259567"	19	45566080	"A/C"
"rs10419815"	19	45569009	"A/G"
"rs10445571"	19	45571781	"A/G"
"rs6509179"	19	45585167	"A/G"
"rs7250924"	19	45585706	"A/G"
"rs10414406"	19	45585854	"A/G"
"rs6509181"	19	45586731	"A/G"
"rs7246959"	19	45588166	"A/C"
"rs1469704"	19	45589595	"G/A"
"rs2060250"	19	45590988	"G/A"
"rs3745157"	19	45594595	"G/A"
"rs10417101"	19	45595277	"A/G"
"rs4608431"	19	45596281	"C/A"
"rs10409903"	19	45600991	"G/A"
"rs17562676"	19	45601581	"A/G"
"rs10405859"	19	45602781	"T/C"
"rs10409727"	19	45602862	"A/G"
"rs10417618"	19	45603936	"T/C"
"rs12984180"	19	45605275	"A/G"
"rs17562787"	19	45607139	"A/G"
"rs6509194"	19	45615857	"A/G"
"rs7251736"	19	45618902	"C/T"
"rs10409138"	19	45624303	"G/A"
"rs17643262"	19	45631816	"A/G"
"rs1114832"	19	45636201	"A/G"
"rs1114831"	19	45636319	"A/C"
"rs10425074"	19	45640124	"G/A"
"rs1048699"	19	45650386	"A/G"
"rs1005204"	19	45650688	"A/G"
"rs1005451"	19	45652079	"G/A"
"rs10421247"	19	45657486	"G/A"
"rs8109620"	19	45662459	"A/G"
"rs11881409"	19	45664218	"G/A"
"rs7247764"	19	45675873	"G/A"
"rs28555639"	19	45676364	"A/T"
"rs7253652"	19	45681134	"C/G"
"rs8104024"	19	45682026	"C/A"
"rs6509200"	19	45683448	"T/A"
"rs7248168"	19	45685295	"A/G"
"rs2159324"	19	45695738	"G/A"
"rs3848526"	19	45699240	"T/C"
"rs3848527"	19	45699289	"C/G"
"rs6509201"	19	45714978	"C/A"
"rs11667430"	19	45716197	"G/A"
"rs346750"	19	45737218	"C/A"
"rs17356664"	19	45740771	"A/G"
"rs346741"	19	45746641	"A/G"
"rs346742"	19	45748244	"G/A"
"rs12981145"	19	45756376	"G/C"
"rs12976518"	19	45759344	"A/G"
"rs10445572"	19	45767214	"A/G"
"rs2240672"	19	45769575	"A/G"
"rs345409"	19	45779635	"G/A"
"rs344807"	19	45799442	"A/G"
"rs2098088"	19	45799975	"C/G"
"rs11672894"	19	45801951	"A/G"
"rs11672923"	19	45802022	"A/G"
"rs344802"	19	45804307	"A/T"
"rs344797"	19	45808142	"A/C"
"rs8111989"	19	45809208	"G/A"
"rs4884"	19	45810035	"A/G"
"rs7260463"	19	45814860	"A/C"
"rs7260359"	19	45814908	"A/G"
"rs1133190"	19	45818835	"A/G"
"rs123187"	19	45830947	"A/G"
"rs12972151"	19	45835983	"G/A"
"rs1793978"	19	45837269	"G/A"
"rs12981382"	19	45837283	"G/A"
"rs369335"	19	45844444	"C/A"
"rs454421"	19	45844650	"A/G"
"rs238419"	19	45853413	"A/G"
"rs13181"	19	45854919	"C/A"
"rs1799787"	19	45856144	"A/G"
"rs238417"	19	45856468	"C/G"
"rs3916874"	19	45856926	"G/C"
"rs238416"	19	45857049	"A/G"
"rs50871"	19	45862515	"C/A"
"rs171140"	19	45865002	"C/A"
"rs238404"	19	45865690	"C/T"
"rs1799786"	19	45868038	"A/G"
"rs238406"	19	45868309	"A/C"
"rs1618536"	19	45871606	"A/G"
"rs2097215"	19	45875787	"A/G"
"rs11878644"	19	45876967	"A/G"
"rs6966"	19	45882962	"T/A"
"rs4802252"	19	45904759	"G/A"
"rs4803816"	19	45904888	"A/G"
"rs10412761"	19	45908461	"G/A"
"rs1046282"	19	45910672	"G/A"
"rs3212986"	19	45912736	"A/C"
"rs3212980"	19	45916441	"C/A"
"rs11615"	19	45923653	"G/A"
"rs11882642"	19	45933493	"G/A"
"rs4803823"	19	45946399	"A/G"
"rs6509212"	19	45953505	"G/A"
"rs10415949"	19	45962799	"G/A"
"rs28381239"	19	45971366	"I/D"
"rs2276469"	19	45974593	"G/A"
"rs2276470"	19	45974668	"A/G"
"rs1049739"	19	45978375	"G/A"
"rs7256242"	19	45979435	"G/A"
"rs8103655"	19	45981455	"G/A"
"rs6509214"	19	45981815	"T/G"
"rs7245548"	19	45981840	"T/C"
"rs7259949"	19	45981957	"A/C"
"rs7250901"	19	45986890	"A/G"
"rs4511641"	19	45993568	"G/T"
"rs4625825"	19	46007334	"T/G"
"rs758761"	19	46013015	"G/A"
"rs1990389"	19	46013483	"A/C"
"rs8099878"	19	46019601	"C/A"
"rs2239378"	19	46021514	"G/A"
"rs2301284"	19	46025388	"G/A"
"rs16979873"	19	46034511	"G/A"
"rs8111589"	19	46034558	"G/A"
"rs11083772"	19	46050760	"A/G"
"rs4802261"	19	46052454	"A/G"
"rs3826861"	19	46056620	"G/A"
"rs11673516"	19	46059364	"C/A"
"rs1264226"	19	46063167	"G/A"
"rs16979890"	19	46066318	"A/G"
"rs1433098"	19	46068009	"C/A"
"rs12979486"	19	46071212	"C/A"
"rs8108463"	19	46072061	"G/A"
"rs8112209"	19	46073472	"A/G"
"rs7256951"	19	46076226	"A/G"
"rs6509224"	19	46076381	"C/A"
"rs1079271"	19	46080275	"G/A"
"rs7259298"	19	46082384	"A/G"
"rs7253109"	19	46084641	"A/C"
"rs10409728"	19	46087507	"G/A"
"rs2334252"	19	46088924	"C/A"
"rs10414464"	19	46091340	"G/A"
"rs1045217"	19	46093211	"G/A"
"rs3745820"	19	46094597	"A/G"
"rs3745818"	19	46095651	"G/A"
"rs10411821"	19	46096132	"C/A"
"rs10405576"	19	46098885	"G/A"
"rs10411518"	19	46105198	"A/G"
"rs2334253"	19	46116477	"G/A"
"rs3816046"	19	46118127	"A/G"
"rs12608710"	19	46129015	"A/G"
"rs6509226"	19	46141346	"G/A"
"rs7252448"	19	46142053	"A/G"
"rs2286756"	19	46145025	"A/C"
"rs11670375"	19	46148237	"G/A"
"rs11670462"	19	46148386	"A/G"
"rs1029846"	19	46149618	"C/G"
"rs4802262"	19	46149886	"A/G"
"rs10408179"	19	46157004	"G/A"
"rs10406431"	19	46157019	"G/A"
"rs12972158"	19	46158473	"A/G"
"rs10415769"	19	46158643	"A/C"
"rs34642101"	19	46163990	"G/A"
"rs28632030"	19	46168273	"A/G"
"rs4803846"	19	46180150	"A/G"
"rs11672660"	19	46180184	"A/G"
"rs12709891"	19	46185217	"A/C"
"rs2334255"	19	46186150	"A/C"
"rs7253390"	19	46188626	"A/C"
"rs7246757"	19	46190531	"G/A"
"rs7254488"	19	54171357	"G/A"
"rs4803160"	19	54175037	"G/A"
"rs7258128"	19	54177273	"G/A"
"rs8106416"	19	54188455	"G/A"
"rs987021"	19	54195240	"G/A"
"rs10413288"	19	54197633	"A/G"
"rs10415265"	19	54197761	"G/A"
"rs10420348"	19	54198559	"G/A"
"rs7254165"	19	54206657	"C/A"
"rs7254177"	19	54206688	"G/A"
"rs2116849"	19	54208854	"A/G"
"rs4803164"	19	54209600	"C/T"
"rs7256241"	19	54211903	"G/T"
"rs2865851"	19	54215748	"G/A"
"rs2865853"	19	54216296	"A/G"
"rs2865857"	19	54216906	"G/A"
"rs892031"	19	54221141	"A/G"
"rs10451450"	19	54222499	"G/T"
"rs9304754"	19	54222824	"A/G"
"rs4803168"	19	54227286	"G/A"
"rs1808656"	19	54235157	"C/T"
"rs4803169"	19	54238875	"T/A"
"rs3902016"	19	54256959	"G/C"
"rs3902017"	19	54256974	"C/G"
"rs3859499"	19	54257114	"A/G"
"rs8103914"	19	54257922	"C/A"
"rs683060"	19	54261669	"C/A"
"rs583569"	19	54263104	"A/G"
"rs614051"	19	54265278	"G/C"
"rs674315"	19	54268141	"G/T"
"rs675257"	19	54268380	"A/G"
"rs12459992"	19	54276722	"G/C"
"rs7255107"	19	54280799	"A/G"
"rs9749510"	19	54281322	"G/A"
"rs3859501"	19	54291411	"A/C"
"rs8103186"	19	54293641	"C/A"
"rs10403709"	19	54296794	"G/A"
"rs10418264"	19	54298576	"A/G"
"rs2042295"	19	54298975	"C/G"
"rs2042296"	19	54299014	"A/G"
"rs10416363"	19	54303712	"G/A"
"rs6509825"	19	54306818	"G/A"
"rs889163"	19	54312105	"G/A"
"rs889164"	19	54312206	"G/A"
"rs4539722"	19	54327440	"G/A"
"rs7259148"	19	54332061	"A/G"
"rs2619214"	19	54351959	"A/C"
"rs3844453"	19	54357764	"G/A"
"rs454006"	19	54390121	"G/A"
"rs307952"	19	54391682	"T/A"
"rs307944"	19	54394301	"A/G"
"rs3745406"	19	54394965	"A/G"
"rs3745405"	19	54395098	"C/A"
"rs8103851"	19	54397654	"C/G"
"rs8101207"	19	54421191	"G/A"
"rs7257613"	19	54421851	"A/G"
"rs11672982"	19	54429198	"A/C"
"rs7257945"	19	54429450	"G/A"
"rs11878489"	19	54430454	"A/G"
"rs4806476"	19	54433209	"A/G"
"rs10411229"	19	54434126	"A/C"
"rs7255328"	19	54459884	"A/G"
"rs11084305"	19	54460053	"A/C"
"rs4806674"	19	54461538	"G/A"
"rs10420331"	19	54469068	"G/A"
"rs8111479"	19	54478545	"G/A"
"rs11084307"	19	54481150	"G/A"
"rs34012356"	19	54482101	"G/A"
"rs4806677"	19	54484792	"A/C"
"rs7254456"	19	54486773	"G/A"
"rs950798"	19	54489487	"C/G"
"rs4806680"	19	54490958	"A/G"
"rs3810244"	19	54495932	"A/G"
"rs4806481"	19	54497287	"A/G"
"rs192808"	19	54510717	"T/C"
"rs460323"	19	54511915	"A/C"
"rs459247"	19	54515874	"A/G"
"rs462094"	19	54517268	"A/G"
"rs457915"	19	54518091	"G/A"
"rs8101466"	19	54518310	"C/G"
"rs423367"	19	54525025	"A/C"
"rs460824"	19	54525756	"G/A"
"rs681198"	19	54527948	"A/G"
"rs628258"	19	54531649	"G/A"
"rs4239594"	19	54537079	"T/C"
"rs287127"	19	54541452	"A/G"
"rs1035829"	19	54544177	"A/G"
"rs2433724"	19	54545531	"G/A"
"rs11669716"	19	54549548	"A/G"
"rs17207272"	19	54549717	"A/G"
"rs11667088"	19	54550487	"G/A"
"rs2114650"	19	54551282	"A/G"
"rs10500316"	19	54553697	"G/A"
"rs662850"	19	54566901	"A/G"
"rs612529"	19	54567253	"G/A"
"rs7260197"	19	54570779	"G/A"
"rs11669663"	19	54572231	"T/C"
"rs4806703"	19	54574747	"A/C"
"rs4806706"	19	54579363	"C/A"
